trial,model_id,model_role,model_kind,target,probability_no_go,probability_attention_lapse,canonical_label,canonical_attention_lapse_label,canonical_slow_go_rt,canonical_omission_error,canonical_commission_error,canonical_composite_lapse
1,primary,primary,causal_bandpower_logreg,attention_lapse_binary,,1.0,0,0,0,1,0,1
2,primary,primary,causal_bandpower_logreg,attention_lapse_binary,,3.8174051271098253e-165,0,1,1,0,0,1
2,shadow-riemann_tangent_logreg,shadow,riemann_tangent_logreg,attention_lapse_binary,,0.1786130768033796,0,1,1,0,0,1
2,shadow-foundation_head_logreg,shadow,foundation_head_logreg,attention_lapse_binary,,0.0,0,1,1,0,0,1
2,shadow-foundation_prototype,shadow,foundation_prototype,attention_lapse_binary,,0.4601020058649701,0,1,1,0,0,1
2,shadow-torch_eegnet,shadow,torch_eegnet,attention_lapse_binary,,0.5215919317893242,0,1,1,0,0,1
3,primary,primary,causal_bandpower_logreg,attention_lapse_binary,,1.7538629401734037e-212,0,0,0,0,0,0
3,shadow-riemann_tangent_logreg,shadow,riemann_tangent_logreg,attention_lapse_binary,,0.2333216641410414,0,0,0,0,0,0
3,shadow-foundation_head_logreg,shadow,foundation_head_logreg,attention_lapse_binary,,0.0,0,0,0,0,0,0
3,shadow-foundation_prototype,shadow,foundation_prototype,attention_lapse_binary,,0.46010192880377787,0,0,0,0,0,0
3,shadow-torch_eegnet,shadow,torch_eegnet,attention_lapse_binary,,0.5693610274015294,0,0,0,0,0,0
4,primary,primary,causal_bandpower_logreg,attention_lapse_binary,,1.0,0,0,0,0,0,0
4,shadow-riemann_tangent_logreg,shadow,riemann_tangent_logreg,attention_lapse_binary,,0.11926010928368883,0,0,0,0,0,0
4,shadow-foundation_head_logreg,shadow,foundation_head_logreg,attention_lapse_binary,,0.0,0,0,0,0,0,0
4,shadow-foundation_prototype,shadow,foundation_prototype,attention_lapse_binary,,0.4601017390986071,0,0,0,0,0,0
4,shadow-torch_eegnet,shadow,torch_eegnet,attention_lapse_binary,,0.544747319040256,0,0,0,0,0,0
5,primary,primary,causal_bandpower_logreg,attention_lapse_binary,,7.578636181700304e-80,1,0,0,0,1,1
5,shadow-riemann_tangent_logreg,shadow,riemann_tangent_logreg,attention_lapse_binary,,0.14571712597936806,1,0,0,0,1,1
5,shadow-foundation_head_logreg,shadow,foundation_head_logreg,attention_lapse_binary,,0.0,1,0,0,0,1,1
5,shadow-foundation_prototype,shadow,foundation_prototype,attention_lapse_binary,,0.46010267743256805,1,0,0,0,1,1
5,shadow-torch_eegnet,shadow,torch_eegnet,attention_lapse_binary,,0.5037737181953039,1,0,0,0,1,1
6,primary,primary,causal_bandpower_logreg,attention_lapse_binary,,0.9999999999998825,1,0,0,0,0,0
6,shadow-riemann_tangent_logreg,shadow,riemann_tangent_logreg,attention_lapse_binary,,0.48681940140440927,1,0,0,0,0,0
6,shadow-foundation_head_logreg,shadow,foundation_head_logreg,attention_lapse_binary,,0.0,1,0,0,0,0,0
6,shadow-foundation_prototype,shadow,foundation_prototype,attention_lapse_binary,,0.4601021206607916,1,0,0,0,0,0
6,shadow-torch_eegnet,shadow,torch_eegnet,attention_lapse_binary,,0.4824796479738417,1,0,0,0,0,0
7,primary,primary,causal_bandpower_logreg,attention_lapse_binary,,1.0,1,0,0,0,0,0
7,shadow-riemann_tangent_logreg,shadow,riemann_tangent_logreg,attention_lapse_binary,,0.026740019368141698,1,0,0,0,0,0
7,shadow-foundation_head_logreg,shadow,foundation_head_logreg,attention_lapse_binary,,0.0,1,0,0,0,0,0
7,shadow-foundation_prototype,shadow,foundation_prototype,attention_lapse_binary,,0.4601025563443177,1,0,0,0,0,0
7,shadow-torch_eegnet,shadow,torch_eegnet,attention_lapse_binary,,0.4679881840263895,1,0,0,0,0,0
8,primary,primary,causal_bandpower_logreg,attention_lapse_binary,,3.2137586961003314e-179,1,0,0,0,0,0
8,shadow-riemann_tangent_logreg,shadow,riemann_tangent_logreg,attention_lapse_binary,,0.07203159021372216,1,0,0,0,0,0
8,shadow-foundation_head_logreg,shadow,foundation_head_logreg,attention_lapse_binary,,0.0,1,0,0,0,0,0
8,shadow-foundation_prototype,shadow,foundation_prototype,attention_lapse_binary,,0.4601040440371112,1,0,0,0,0,0
8,shadow-torch_eegnet,shadow,torch_eegnet,attention_lapse_binary,,0.4976914754263882,1,0,0,0,0,0
9,primary,primary,causal_bandpower_logreg,attention_lapse_binary,,1.0,0,0,0,0,0,0
9,shadow-riemann_tangent_logreg,shadow,riemann_tangent_logreg,attention_lapse_binary,,0.0636405058138368,0,0,0,0,0,0
9,shadow-foundation_head_logreg,shadow,foundation_head_logreg,attention_lapse_binary,,0.0,0,0,0,0,0,0
9,shadow-foundation_prototype,shadow,foundation_prototype,attention_lapse_binary,,0.4601020337180448,0,0,0,0,0,0
9,shadow-torch_eegnet,shadow,torch_eegnet,attention_lapse_binary,,0.4673798859775504,0,0,0,0,0,0
10,primary,primary,causal_bandpower_logreg,attention_lapse_binary,,0.0,1,0,0,0,0,0
10,shadow-riemann_tangent_logreg,shadow,riemann_tangent_logreg,attention_lapse_binary,,0.08384782245816376,1,0,0,0,0,0
10,shadow-foundation_head_logreg,shadow,foundation_head_logreg,attention_lapse_binary,,0.0,1,0,0,0,0,0
10,shadow-foundation_prototype,shadow,foundation_prototype,attention_lapse_binary,,0.46010219730484353,1,0,0,0,0,0
10,shadow-torch_eegnet,shadow,torch_eegnet,attention_lapse_binary,,0.48269355328508556,1,0,0,0,0,0
11,primary,primary,causal_bandpower_logreg,attention_lapse_binary,,7.768443888733293e-81,0,0,0,0,0,0
11,shadow-riemann_tangent_logreg,shadow,riemann_tangent_logreg,attention_lapse_binary,,0.048887706832313284,0,0,0,0,0,0
11,shadow-foundation_head_logreg,shadow,foundation_head_logreg,attention_lapse_binary,,0.0,0,0,0,0,0,0
11,shadow-foundation_prototype,shadow,foundation_prototype,attention_lapse_binary,,0.460102330911583,0,0,0,0,0,0
11,shadow-torch_eegnet,shadow,torch_eegnet,attention_lapse_binary,,0.5225660808447288,0,0,0,0,0,0
12,primary,primary,causal_bandpower_logreg,attention_lapse_binary,,2.298304179232026e-268,1,0,0,0,0,0
12,shadow-riemann_tangent_logreg,shadow,riemann_tangent_logreg,attention_lapse_binary,,0.18946867330338069,1,0,0,0,0,0
12,shadow-foundation_head_logreg,shadow,foundation_head_logreg,attention_lapse_binary,,0.0,1,0,0,0,0,0
12,shadow-foundation_prototype,shadow,foundation_prototype,attention_lapse_binary,,0.46010190429798253,1,0,0,0,0,0
12,shadow-torch_eegnet,shadow,torch_eegnet,attention_lapse_binary,,0.5479264293635565,1,0,0,0,0,0
13,primary,primary,causal_bandpower_logreg,attention_lapse_binary,,3.6270941375857747e-147,0,0,0,0,0,0
13,shadow-riemann_tangent_logreg,shadow,riemann_tangent_logreg,attention_lapse_binary,,0.0681617483752874,0,0,0,0,0,0
13,shadow-foundation_head_logreg,shadow,foundation_head_logreg,attention_lapse_binary,,0.0,0,0,0,0,0,0
13,shadow-foundation_prototype,shadow,foundation_prototype,attention_lapse_binary,,0.4601033878982357,0,0,0,0,0,0
13,shadow-torch_eegnet,shadow,torch_eegnet,attention_lapse_binary,,0.5835478497809068,0,0,0,0,0,0
14,primary,primary,causal_bandpower_logreg,attention_lapse_binary,,1.0,0,0,0,0,0,0
14,shadow-riemann_tangent_logreg,shadow,riemann_tangent_logreg,attention_lapse_binary,,0.043516270880364485,0,0,0,0,0,0
14,shadow-foundation_head_logreg,shadow,foundation_head_logreg,attention_lapse_binary,,0.0,0,0,0,0,0,0
14,shadow-foundation_prototype,shadow,foundation_prototype,attention_lapse_binary,,0.4601020557644796,0,0,0,0,0,0
14,shadow-torch_eegnet,shadow,torch_eegnet,attention_lapse_binary,,0.5686127197972273,0,0,0,0,0,0
15,primary,primary,causal_bandpower_logreg,attention_lapse_binary,,0.0,0,0,0,0,0,0
15,shadow-riemann_tangent_logreg,shadow,riemann_tangent_logreg,attention_lapse_binary,,0.1443056783276597,0,0,0,0,0,0
15,shadow-foundation_head_logreg,shadow,foundation_head_logreg,attention_lapse_binary,,0.0,0,0,0,0,0,0
15,shadow-foundation_prototype,shadow,foundation_prototype,attention_lapse_binary,,0.4601022025362251,0,0,0,0,0,0
15,shadow-torch_eegnet,shadow,torch_eegnet,attention_lapse_binary,,0.5450047856904084,0,0,0,0,0,0
16,primary,primary,causal_bandpower_logreg,attention_lapse_binary,,1.0966842710038584e-13,0,0,0,0,0,0
16,shadow-riemann_tangent_logreg,shadow,riemann_tangent_logreg,attention_lapse_binary,,0.04320952740906127,0,0,0,0,0,0
16,shadow-foundation_head_logreg,shadow,foundation_head_logreg,attention_lapse_binary,,0.0,0,0,0,0,0,0
16,shadow-foundation_prototype,shadow,foundation_prototype,attention_lapse_binary,,0.4601025041961705,0,0,0,0,0,0
16,shadow-torch_eegnet,shadow,torch_eegnet,attention_lapse_binary,,0.5033625472037503,0,0,0,0,0,0
17,primary,primary,causal_bandpower_logreg,attention_lapse_binary,,2.3317469460927017e-168,1,0,0,0,0,0
17,shadow-riemann_tangent_logreg,shadow,riemann_tangent_logreg,attention_lapse_binary,,0.03325451886663021,1,0,0,0,0,0
17,shadow-foundation_head_logreg,shadow,foundation_head_logreg,attention_lapse_binary,,0.0,1,0,0,0,0,0
17,shadow-foundation_prototype,shadow,foundation_prototype,attention_lapse_binary,,0.4601025526076468,1,0,0,0,0,0
17,shadow-torch_eegnet,shadow,torch_eegnet,attention_lapse_binary,,0.5296381223387812,1,0,0,0,0,0
18,primary,primary,causal_bandpower_logreg,attention_lapse_binary,,1.0,0,0,0,0,0,0
18,shadow-riemann_tangent_logreg,shadow,riemann_tangent_logreg,attention_lapse_binary,,0.046654503393228984,0,0,0,0,0,0
18,shadow-foundation_head_logreg,shadow,foundation_head_logreg,attention_lapse_binary,,0.0,0,0,0,0,0,0
18,shadow-foundation_prototype,shadow,foundation_prototype,attention_lapse_binary,,0.46010205469014703,0,0,0,0,0,0
18,shadow-torch_eegnet,shadow,torch_eegnet,attention_lapse_binary,,0.5351868184274404,0,0,0,0,0,0
19,primary,primary,causal_bandpower_logreg,attention_lapse_binary,,1.0,1,0,0,0,0,0
19,shadow-riemann_tangent_logreg,shadow,riemann_tangent_logreg,attention_lapse_binary,,0.19531908763111083,1,0,0,0,0,0
19,shadow-foundation_head_logreg,shadow,foundation_head_logreg,attention_lapse_binary,,0.0,1,0,0,0,0,0
19,shadow-foundation_prototype,shadow,foundation_prototype,attention_lapse_binary,,0.46010139298058333,1,0,0,0,0,0
19,shadow-torch_eegnet,shadow,torch_eegnet,attention_lapse_binary,,0.5287978762203164,1,0,0,0,0,0
20,primary,primary,causal_bandpower_logreg,attention_lapse_binary,,1.0,1,0,0,0,1,1
20,shadow-riemann_tangent_logreg,shadow,riemann_tangent_logreg,attention_lapse_binary,,0.11156749149025137,1,0,0,0,1,1
20,shadow-foundation_head_logreg,shadow,foundation_head_logreg,attention_lapse_binary,,0.0,1,0,0,0,1,1
20,shadow-foundation_prototype,shadow,foundation_prototype,attention_lapse_binary,,0.46010301300063106,1,0,0,0,1,1
20,shadow-torch_eegnet,shadow,torch_eegnet,attention_lapse_binary,,0.5211241091604206,1,0,0,0,1,1
21,primary,primary,causal_bandpower_logreg,attention_lapse_binary,,1.0,0,1,1,0,0,1
21,shadow-riemann_tangent_logreg,shadow,riemann_tangent_logreg,attention_lapse_binary,,0.31545677708866154,0,1,1,0,0,1
21,shadow-foundation_head_logreg,shadow,foundation_head_logreg,attention_lapse_binary,,0.0,0,1,1,0,0,1
21,shadow-foundation_prototype,shadow,foundation_prototype,attention_lapse_binary,,0.46010255938663935,0,1,1,0,0,1
21,shadow-torch_eegnet,shadow,torch_eegnet,attention_lapse_binary,,0.4860927301518303,0,1,1,0,0,1
22,primary,primary,causal_bandpower_logreg,attention_lapse_binary,,7.956459439374606e-172,1,0,0,0,0,0
22,shadow-riemann_tangent_logreg,shadow,riemann_tangent_logreg,attention_lapse_binary,,0.06126821725750202,1,0,0,0,0,0
22,shadow-foundation_head_logreg,shadow,foundation_head_logreg,attention_lapse_binary,,0.0,1,0,0,0,0,0
22,shadow-foundation_prototype,shadow,foundation_prototype,attention_lapse_binary,,0.4601020362288439,1,0,0,0,0,0
22,shadow-torch_eegnet,shadow,torch_eegnet,attention_lapse_binary,,0.5240630132389765,1,0,0,0,0,0
23,primary,primary,causal_bandpower_logreg,attention_lapse_binary,,1.9405846117409167e-236,0,0,0,1,0,1
23,shadow-riemann_tangent_logreg,shadow,riemann_tangent_logreg,attention_lapse_binary,,0.06343918562951646,0,0,0,1,0,1
23,shadow-foundation_head_logreg,shadow,foundation_head_logreg,attention_lapse_binary,,0.0,0,0,0,1,0,1
23,shadow-foundation_prototype,shadow,foundation_prototype,attention_lapse_binary,,0.4601038004329247,0,0,0,1,0,1
23,shadow-torch_eegnet,shadow,torch_eegnet,attention_lapse_binary,,0.5273809925782352,0,0,0,1,0,1
24,primary,primary,causal_bandpower_logreg,attention_lapse_binary,,0.9987971808214565,0,0,0,0,0,0
24,shadow-riemann_tangent_logreg,shadow,riemann_tangent_logreg,attention_lapse_binary,,0.035009932996265,0,0,0,0,0,0
24,shadow-foundation_head_logreg,shadow,foundation_head_logreg,attention_lapse_binary,,0.0,0,0,0,0,0,0
24,shadow-foundation_prototype,shadow,foundation_prototype,attention_lapse_binary,,0.4601038645608377,0,0,0,0,0,0
24,shadow-torch_eegnet,shadow,torch_eegnet,attention_lapse_binary,,0.509635372110066,0,0,0,0,0,0
25,primary,primary,causal_bandpower_logreg,attention_lapse_binary,,1.0,0,0,0,0,0,0
25,shadow-riemann_tangent_logreg,shadow,riemann_tangent_logreg,attention_lapse_binary,,0.408679132467017,0,0,0,0,0,0
25,shadow-foundation_head_logreg,shadow,foundation_head_logreg,attention_lapse_binary,,0.0,0,0,0,0,0,0
25,shadow-foundation_prototype,shadow,foundation_prototype,attention_lapse_binary,,0.4601024549338407,0,0,0,0,0,0
25,shadow-torch_eegnet,shadow,torch_eegnet,attention_lapse_binary,,0.5048067499814713,0,0,0,0,0,0
26,primary,primary,causal_bandpower_logreg,attention_lapse_binary,,1.0,0,0,0,0,0,0
26,shadow-riemann_tangent_logreg,shadow,riemann_tangent_logreg,attention_lapse_binary,,0.2519354838363606,0,0,0,0,0,0
26,shadow-foundation_head_logreg,shadow,foundation_head_logreg,attention_lapse_binary,,0.0,0,0,0,0,0,0
26,shadow-foundation_prototype,shadow,foundation_prototype,attention_lapse_binary,,0.46010223631230746,0,0,0,0,0,0
26,shadow-torch_eegnet,shadow,torch_eegnet,attention_lapse_binary,,0.44994453405346235,0,0,0,0,0,0
27,primary,primary,causal_bandpower_logreg,attention_lapse_binary,,1.0,0,0,0,0,0,0
27,shadow-riemann_tangent_logreg,shadow,riemann_tangent_logreg,attention_lapse_binary,,0.29009113619709553,0,0,0,0,0,0
27,shadow-foundation_head_logreg,shadow,foundation_head_logreg,attention_lapse_binary,,0.0,0,0,0,0,0,0
27,shadow-foundation_prototype,shadow,foundation_prototype,attention_lapse_binary,,0.46010239635561057,0,0,0,0,0,0
27,shadow-torch_eegnet,shadow,torch_eegnet,attention_lapse_binary,,0.4703422856388814,0,0,0,0,0,0
28,primary,primary,causal_bandpower_logreg,attention_lapse_binary,,1.0,0,1,1,0,0,1
28,shadow-riemann_tangent_logreg,shadow,riemann_tangent_logreg,attention_lapse_binary,,0.4026323236768124,0,1,1,0,0,1
28,shadow-foundation_head_logreg,shadow,foundation_head_logreg,attention_lapse_binary,,0.0,0,1,1,0,0,1
28,shadow-foundation_prototype,shadow,foundation_prototype,attention_lapse_binary,,0.4601029047681435,0,1,1,0,0,1
28,shadow-torch_eegnet,shadow,torch_eegnet,attention_lapse_binary,,0.5117784066632648,0,1,1,0,0,1
29,primary,primary,causal_bandpower_logreg,attention_lapse_binary,,0.0,0,0,0,0,0,0
29,shadow-riemann_tangent_logreg,shadow,riemann_tangent_logreg,attention_lapse_binary,,0.09029718317770644,0,0,0,0,0,0
29,shadow-foundation_head_logreg,shadow,foundation_head_logreg,attention_lapse_binary,,0.0,0,0,0,0,0,0
29,shadow-foundation_prototype,shadow,foundation_prototype,attention_lapse_binary,,0.4601022857618721,0,0,0,0,0,0
29,shadow-torch_eegnet,shadow,torch_eegnet,attention_lapse_binary,,0.5622419331138846,0,0,0,0,0,0
30,primary,primary,causal_bandpower_logreg,attention_lapse_binary,,1.0,0,0,0,0,0,0
30,shadow-riemann_tangent_logreg,shadow,riemann_tangent_logreg,attention_lapse_binary,,0.07116215142160655,0,0,0,0,0,0
30,shadow-foundation_head_logreg,shadow,foundation_head_logreg,attention_lapse_binary,,0.0,0,0,0,0,0,0
30,shadow-foundation_prototype,shadow,foundation_prototype,attention_lapse_binary,,0.46010222996153743,0,0,0,0,0,0
30,shadow-torch_eegnet,shadow,torch_eegnet,attention_lapse_binary,,0.4948070826882452,0,0,0,0,0,0
31,primary,primary,causal_bandpower_logreg,attention_lapse_binary,,2.102719170868357e-271,1,0,0,0,0,0
31,shadow-riemann_tangent_logreg,shadow,riemann_tangent_logreg,attention_lapse_binary,,0.04669616546961371,1,0,0,0,0,0
31,shadow-foundation_head_logreg,shadow,foundation_head_logreg,attention_lapse_binary,,0.0,1,0,0,0,0,0
31,shadow-foundation_prototype,shadow,foundation_prototype,attention_lapse_binary,,0.46010288184280296,1,0,0,0,0,0
31,shadow-torch_eegnet,shadow,torch_eegnet,attention_lapse_binary,,0.4674518747220279,1,0,0,0,0,0
32,primary,primary,causal_bandpower_logreg,attention_lapse_binary,,1.0,0,0,0,0,0,0
32,shadow-riemann_tangent_logreg,shadow,riemann_tangent_logreg,attention_lapse_binary,,0.056460131310409535,0,0,0,0,0,0
32,shadow-foundation_head_logreg,shadow,foundation_head_logreg,attention_lapse_binary,,0.0,0,0,0,0,0,0
32,shadow-foundation_prototype,shadow,foundation_prototype,attention_lapse_binary,,0.46010257759936213,0,0,0,0,0,0
32,shadow-torch_eegnet,shadow,torch_eegnet,attention_lapse_binary,,0.5024970208387087,0,0,0,0,0,0
33,primary,primary,causal_bandpower_logreg,attention_lapse_binary,,4.8357759900733295e-198,1,0,0,0,0,0
33,shadow-riemann_tangent_logreg,shadow,riemann_tangent_logreg,attention_lapse_binary,,0.055481549662208515,1,0,0,0,0,0
33,shadow-foundation_head_logreg,shadow,foundation_head_logreg,attention_lapse_binary,,0.0,1,0,0,0,0,0
33,shadow-foundation_prototype,shadow,foundation_prototype,attention_lapse_binary,,0.46010337029126497,1,0,0,0,0,0
33,shadow-torch_eegnet,shadow,torch_eegnet,attention_lapse_binary,,0.47307422779377556,1,0,0,0,0,0
34,primary,primary,causal_bandpower_logreg,attention_lapse_binary,,1.0047717051534244e-214,0,0,0,0,0,0
34,shadow-riemann_tangent_logreg,shadow,riemann_tangent_logreg,attention_lapse_binary,,0.12825249101484423,0,0,0,0,0,0
34,shadow-foundation_head_logreg,shadow,foundation_head_logreg,attention_lapse_binary,,0.0,0,0,0,0,0,0
34,shadow-foundation_prototype,shadow,foundation_prototype,attention_lapse_binary,,0.46010326023451736,0,0,0,0,0,0
34,shadow-torch_eegnet,shadow,torch_eegnet,attention_lapse_binary,,0.5064648940496085,0,0,0,0,0,0
35,primary,primary,causal_bandpower_logreg,attention_lapse_binary,,2.1673878848867422e-212,1,0,0,0,1,1
35,shadow-riemann_tangent_logreg,shadow,riemann_tangent_logreg,attention_lapse_binary,,0.0849058448836015,1,0,0,0,1,1
35,shadow-foundation_head_logreg,shadow,foundation_head_logreg,attention_lapse_binary,,0.0,1,0,0,0,1,1
35,shadow-foundation_prototype,shadow,foundation_prototype,attention_lapse_binary,,0.46010300547817284,1,0,0,0,1,1
35,shadow-torch_eegnet,shadow,torch_eegnet,attention_lapse_binary,,0.5653066089347277,1,0,0,0,1,1
36,primary,primary,causal_bandpower_logreg,attention_lapse_binary,,3.957782651773554e-45,0,1,1,0,0,1
36,shadow-riemann_tangent_logreg,shadow,riemann_tangent_logreg,attention_lapse_binary,,0.012493509410423261,0,1,1,0,0,1
36,shadow-foundation_head_logreg,shadow,foundation_head_logreg,attention_lapse_binary,,0.0,0,1,1,0,0,1
36,shadow-foundation_prototype,shadow,foundation_prototype,attention_lapse_binary,,0.46010222444155147,0,1,1,0,0,1
36,shadow-torch_eegnet,shadow,torch_eegnet,attention_lapse_binary,,0.5432465732095173,0,1,1,0,0,1
37,primary,primary,causal_bandpower_logreg,attention_lapse_binary,,4.283193061529397e-150,1,0,0,0,0,0
37,shadow-riemann_tangent_logreg,shadow,riemann_tangent_logreg,attention_lapse_binary,,0.10152700383647532,1,0,0,0,0,0
37,shadow-foundation_head_logreg,shadow,foundation_head_logreg,attention_lapse_binary,,0.0,1,0,0,0,0,0
37,shadow-foundation_prototype,shadow,foundation_prototype,attention_lapse_binary,,0.460102316233118,1,0,0,0,0,0
37,shadow-torch_eegnet,shadow,torch_eegnet,attention_lapse_binary,,0.5515779303315186,1,0,0,0,0,0
38,primary,primary,causal_bandpower_logreg,attention_lapse_binary,,1.5797900758071474e-140,0,0,0,0,0,0
38,shadow-riemann_tangent_logreg,shadow,riemann_tangent_logreg,attention_lapse_binary,,0.012122875302987142,0,0,0,0,0,0
38,shadow-foundation_head_logreg,shadow,foundation_head_logreg,attention_lapse_binary,,0.0,0,0,0,0,0,0
38,shadow-foundation_prototype,shadow,foundation_prototype,attention_lapse_binary,,0.4601037593896431,0,0,0,0,0,0
38,shadow-torch_eegnet,shadow,torch_eegnet,attention_lapse_binary,,0.5512658821034708,0,0,0,0,0,0
39,primary,primary,causal_bandpower_logreg,attention_lapse_binary,,3.054934578196241e-57,0,0,0,0,0,0
39,shadow-riemann_tangent_logreg,shadow,riemann_tangent_logreg,attention_lapse_binary,,0.4023105889444399,0,0,0,0,0,0
39,shadow-foundation_head_logreg,shadow,foundation_head_logreg,attention_lapse_binary,,0.0,0,0,0,0,0,0
39,shadow-foundation_prototype,shadow,foundation_prototype,attention_lapse_binary,,0.46010182831973206,0,0,0,0,0,0
39,shadow-torch_eegnet,shadow,torch_eegnet,attention_lapse_binary,,0.5106424776135176,0,0,0,0,0,0
40,primary,primary,causal_bandpower_logreg,attention_lapse_binary,,1.0,0,0,0,0,0,0
40,shadow-riemann_tangent_logreg,shadow,riemann_tangent_logreg,attention_lapse_binary,,0.7834628269225896,0,0,0,0,0,0
40,shadow-foundation_head_logreg,shadow,foundation_head_logreg,attention_lapse_binary,,0.0,0,0,0,0,0,0
40,shadow-foundation_prototype,shadow,foundation_prototype,attention_lapse_binary,,0.4601026890965048,0,0,0,0,0,0
40,shadow-torch_eegnet,shadow,torch_eegnet,attention_lapse_binary,,0.5073188903318783,0,0,0,0,0,0
41,primary,primary,causal_bandpower_logreg,attention_lapse_binary,,0.0,1,0,0,0,0,0
41,shadow-riemann_tangent_logreg,shadow,riemann_tangent_logreg,attention_lapse_binary,,0.5291524973884717,1,0,0,0,0,0
41,shadow-foundation_head_logreg,shadow,foundation_head_logreg,attention_lapse_binary,,0.0,1,0,0,0,0,0
41,shadow-foundation_prototype,shadow,foundation_prototype,attention_lapse_binary,,0.46010228552561533,1,0,0,0,0,0
41,shadow-torch_eegnet,shadow,torch_eegnet,attention_lapse_binary,,0.5383160498551308,1,0,0,0,0,0
42,primary,primary,causal_bandpower_logreg,attention_lapse_binary,,0.0,1,0,0,0,1,1
42,shadow-riemann_tangent_logreg,shadow,riemann_tangent_logreg,attention_lapse_binary,,0.02771716345011365,1,0,0,0,1,1
42,shadow-foundation_head_logreg,shadow,foundation_head_logreg,attention_lapse_binary,,0.0,1,0,0,0,1,1
42,shadow-foundation_prototype,shadow,foundation_prototype,attention_lapse_binary,,0.4601027343248958,1,0,0,0,1,1
42,shadow-torch_eegnet,shadow,torch_eegnet,attention_lapse_binary,,0.5224135604770038,1,0,0,0,1,1
43,primary,primary,causal_bandpower_logreg,attention_lapse_binary,,1.0,0,0,0,0,0,0
43,shadow-riemann_tangent_logreg,shadow,riemann_tangent_logreg,attention_lapse_binary,,0.21923568151327066,0,0,0,0,0,0
43,shadow-foundation_head_logreg,shadow,foundation_head_logreg,attention_lapse_binary,,0.0,0,0,0,0,0,0
43,shadow-foundation_prototype,shadow,foundation_prototype,attention_lapse_binary,,0.46010180660003874,0,0,0,0,0,0
43,shadow-torch_eegnet,shadow,torch_eegnet,attention_lapse_binary,,0.48738989498627605,0,0,0,0,0,0
44,primary,primary,causal_bandpower_logreg,attention_lapse_binary,,0.0,0,1,1,0,0,1
44,shadow-riemann_tangent_logreg,shadow,riemann_tangent_logreg,attention_lapse_binary,,0.16051796846812869,0,1,1,0,0,1
44,shadow-foundation_head_logreg,shadow,foundation_head_logreg,attention_lapse_binary,,0.0,0,1,1,0,0,1
44,shadow-foundation_prototype,shadow,foundation_prototype,attention_lapse_binary,,0.4601020761009251,0,1,1,0,0,1
44,shadow-torch_eegnet,shadow,torch_eegnet,attention_lapse_binary,,0.4844584292130227,0,1,1,0,0,1
45,primary,primary,causal_bandpower_logreg,attention_lapse_binary,,1.0,1,0,0,0,0,0
45,shadow-riemann_tangent_logreg,shadow,riemann_tangent_logreg,attention_lapse_binary,,0.4487236488618347,1,0,0,0,0,0
45,shadow-foundation_head_logreg,shadow,foundation_head_logreg,attention_lapse_binary,,0.0,1,0,0,0,0,0
45,shadow-foundation_prototype,shadow,foundation_prototype,attention_lapse_binary,,0.4601025323089047,1,0,0,0,0,0
45,shadow-torch_eegnet,shadow,torch_eegnet,attention_lapse_binary,,0.4944123586448455,1,0,0,0,0,0
46,primary,primary,causal_bandpower_logreg,attention_lapse_binary,,1.0,0,1,1,0,0,1
46,shadow-riemann_tangent_logreg,shadow,riemann_tangent_logreg,attention_lapse_binary,,0.08462329123855361,0,1,1,0,0,1
46,shadow-foundation_head_logreg,shadow,foundation_head_logreg,attention_lapse_binary,,0.0,0,1,1,0,0,1
46,shadow-foundation_prototype,shadow,foundation_prototype,attention_lapse_binary,,0.46010261458983365,0,1,1,0,0,1
46,shadow-torch_eegnet,shadow,torch_eegnet,attention_lapse_binary,,0.48809069586394727,0,1,1,0,0,1
47,primary,primary,causal_bandpower_logreg,attention_lapse_binary,,1.6739620662103208e-169,0,0,0,0,0,0
47,shadow-riemann_tangent_logreg,shadow,riemann_tangent_logreg,attention_lapse_binary,,0.1599455764276559,0,0,0,0,0,0
47,shadow-foundation_head_logreg,shadow,foundation_head_logreg,attention_lapse_binary,,0.0,0,0,0,0,0,0
47,shadow-foundation_prototype,shadow,foundation_prototype,attention_lapse_binary,,0.4601041581038728,0,0,0,0,0,0
47,shadow-torch_eegnet,shadow,torch_eegnet,attention_lapse_binary,,0.5113973112575616,0,0,0,0,0,0
48,primary,primary,causal_bandpower_logreg,attention_lapse_binary,,2.0661250850566127e-70,1,0,0,0,0,0
48,shadow-riemann_tangent_logreg,shadow,riemann_tangent_logreg,attention_lapse_binary,,0.09463338826702304,1,0,0,0,0,0
48,shadow-foundation_head_logreg,shadow,foundation_head_logreg,attention_lapse_binary,,0.0,1,0,0,0,0,0
48,shadow-foundation_prototype,shadow,foundation_prototype,attention_lapse_binary,,0.4601028946427049,1,0,0,0,0,0
48,shadow-torch_eegnet,shadow,torch_eegnet,attention_lapse_binary,,0.49970870747732526,1,0,0,0,0,0
49,primary,primary,causal_bandpower_logreg,attention_lapse_binary,,1.0,0,0,0,0,0,0
49,shadow-riemann_tangent_logreg,shadow,riemann_tangent_logreg,attention_lapse_binary,,0.024858810455088233,0,0,0,0,0,0
49,shadow-foundation_head_logreg,shadow,foundation_head_logreg,attention_lapse_binary,,0.0,0,0,0,0,0,0
49,shadow-foundation_prototype,shadow,foundation_prototype,attention_lapse_binary,,0.4601026247422969,0,0,0,0,0,0
49,shadow-torch_eegnet,shadow,torch_eegnet,attention_lapse_binary,,0.5299296085921277,0,0,0,0,0,0
50,primary,primary,causal_bandpower_logreg,attention_lapse_binary,,0.999999955961861,0,0,0,0,0,0
50,shadow-riemann_tangent_logreg,shadow,riemann_tangent_logreg,attention_lapse_binary,,0.055888278044522705,0,0,0,0,0,0
50,shadow-foundation_head_logreg,shadow,foundation_head_logreg,attention_lapse_binary,,0.0,0,0,0,0,0,0
50,shadow-foundation_prototype,shadow,foundation_prototype,attention_lapse_binary,,0.46010214746735706,0,0,0,0,0,0
50,shadow-torch_eegnet,shadow,torch_eegnet,attention_lapse_binary,,0.5160186595944795,0,0,0,0,0,0
51,primary,primary,causal_bandpower_logreg,attention_lapse_binary,,0.9999999990974251,1,0,0,0,0,0
51,shadow-riemann_tangent_logreg,shadow,riemann_tangent_logreg,attention_lapse_binary,,0.2111850710718737,1,0,0,0,0,0
51,shadow-foundation_head_logreg,shadow,foundation_head_logreg,attention_lapse_binary,,0.0,1,0,0,0,0,0
51,shadow-foundation_prototype,shadow,foundation_prototype,attention_lapse_binary,,0.4601025286163755,1,0,0,0,0,0
51,shadow-torch_eegnet,shadow,torch_eegnet,attention_lapse_binary,,0.5378997396387277,1,0,0,0,0,0
52,primary,primary,causal_bandpower_logreg,attention_lapse_binary,,7.852965924608044e-65,1,0,0,0,1,1
52,shadow-riemann_tangent_logreg,shadow,riemann_tangent_logreg,attention_lapse_binary,,0.06962008910180002,1,0,0,0,1,1
52,shadow-foundation_head_logreg,shadow,foundation_head_logreg,attention_lapse_binary,,0.0,1,0,0,0,1,1
52,shadow-foundation_prototype,shadow,foundation_prototype,attention_lapse_binary,,0.4601039383799901,1,0,0,0,1,1
52,shadow-torch_eegnet,shadow,torch_eegnet,attention_lapse_binary,,0.5520379757602809,1,0,0,0,1,1
53,primary,primary,causal_bandpower_logreg,attention_lapse_binary,,1.0,0,0,0,0,0,0
53,shadow-riemann_tangent_logreg,shadow,riemann_tangent_logreg,attention_lapse_binary,,0.09897467695680856,0,0,0,0,0,0
53,shadow-foundation_head_logreg,shadow,foundation_head_logreg,attention_lapse_binary,,0.0,0,0,0,0,0,0
53,shadow-foundation_prototype,shadow,foundation_prototype,attention_lapse_binary,,0.46010225498721985,0,0,0,0,0,0
53,shadow-torch_eegnet,shadow,torch_eegnet,attention_lapse_binary,,0.5625314090869024,0,0,0,0,0,0
54,primary,primary,causal_bandpower_logreg,attention_lapse_binary,,2.438459246747395e-269,0,0,0,0,0,0
54,shadow-riemann_tangent_logreg,shadow,riemann_tangent_logreg,attention_lapse_binary,,0.28154062758912907,0,0,0,0,0,0
54,shadow-foundation_head_logreg,shadow,foundation_head_logreg,attention_lapse_binary,,0.0,0,0,0,0,0,0
54,shadow-foundation_prototype,shadow,foundation_prototype,attention_lapse_binary,,0.4601022924996333,0,0,0,0,0,0
54,shadow-torch_eegnet,shadow,torch_eegnet,attention_lapse_binary,,0.5479331729271982,0,0,0,0,0,0
55,primary,primary,causal_bandpower_logreg,attention_lapse_binary,,1.0,0,0,0,0,0,0
55,shadow-riemann_tangent_logreg,shadow,riemann_tangent_logreg,attention_lapse_binary,,0.4777468061744096,0,0,0,0,0,0
55,shadow-foundation_head_logreg,shadow,foundation_head_logreg,attention_lapse_binary,,0.0,0,0,0,0,0,0
55,shadow-foundation_prototype,shadow,foundation_prototype,attention_lapse_binary,,0.4601019424070183,0,0,0,0,0,0
55,shadow-torch_eegnet,shadow,torch_eegnet,attention_lapse_binary,,0.5203442314109817,0,0,0,0,0,0
56,primary,primary,causal_bandpower_logreg,attention_lapse_binary,,0.0,0,0,0,0,0,0
56,shadow-riemann_tangent_logreg,shadow,riemann_tangent_logreg,attention_lapse_binary,,0.6620169018838212,0,0,0,0,0,0
56,shadow-foundation_head_logreg,shadow,foundation_head_logreg,attention_lapse_binary,,0.0,0,0,0,0,0,0
56,shadow-foundation_prototype,shadow,foundation_prototype,attention_lapse_binary,,0.46010227187569286,0,0,0,0,0,0
56,shadow-torch_eegnet,shadow,torch_eegnet,attention_lapse_binary,,0.5296628900698226,0,0,0,0,0,0
57,primary,primary,causal_bandpower_logreg,attention_lapse_binary,,1.2433137103450272e-123,0,0,0,0,0,0
57,shadow-riemann_tangent_logreg,shadow,riemann_tangent_logreg,attention_lapse_binary,,0.2357051222081388,0,0,0,0,0,0
57,shadow-foundation_head_logreg,shadow,foundation_head_logreg,attention_lapse_binary,,0.0,0,0,0,0,0,0
57,shadow-foundation_prototype,shadow,foundation_prototype,attention_lapse_binary,,0.46010295887065195,0,0,0,0,0,0
57,shadow-torch_eegnet,shadow,torch_eegnet,attention_lapse_binary,,0.48204568254169305,0,0,0,0,0,0
58,primary,primary,causal_bandpower_logreg,attention_lapse_binary,,1.1855244928900548e-74,0,0,0,0,0,0
58,shadow-riemann_tangent_logreg,shadow,riemann_tangent_logreg,attention_lapse_binary,,0.09060163577112859,0,0,0,0,0,0
58,shadow-foundation_head_logreg,shadow,foundation_head_logreg,attention_lapse_binary,,0.0,0,0,0,0,0,0
58,shadow-foundation_prototype,shadow,foundation_prototype,attention_lapse_binary,,0.4601025789980328,0,0,0,0,0,0
58,shadow-torch_eegnet,shadow,torch_eegnet,attention_lapse_binary,,0.5580014001063877,0,0,0,0,0,0
59,primary,primary,causal_bandpower_logreg,attention_lapse_binary,,0.0,0,0,0,0,0,0
59,shadow-riemann_tangent_logreg,shadow,riemann_tangent_logreg,attention_lapse_binary,,0.11186318709888231,0,0,0,0,0,0
59,shadow-foundation_head_logreg,shadow,foundation_head_logreg,attention_lapse_binary,,0.0,0,0,0,0,0,0
59,shadow-foundation_prototype,shadow,foundation_prototype,attention_lapse_binary,,0.46010257339655775,0,0,0,0,0,0
59,shadow-torch_eegnet,shadow,torch_eegnet,attention_lapse_binary,,0.5594538421181721,0,0,0,0,0,0
60,primary,primary,causal_bandpower_logreg,attention_lapse_binary,,0.0,0,0,0,0,0,0
60,shadow-riemann_tangent_logreg,shadow,riemann_tangent_logreg,attention_lapse_binary,,0.27885714396509187,0,0,0,0,0,0
60,shadow-foundation_head_logreg,shadow,foundation_head_logreg,attention_lapse_binary,,0.0,0,0,0,0,0,0
60,shadow-foundation_prototype,shadow,foundation_prototype,attention_lapse_binary,,0.4601027092943808,0,0,0,0,0,0
60,shadow-torch_eegnet,shadow,torch_eegnet,attention_lapse_binary,,0.527694308977641,0,0,0,0,0,0
61,primary,primary,causal_bandpower_logreg,attention_lapse_binary,,1.0,0,1,1,0,0,1
61,shadow-riemann_tangent_logreg,shadow,riemann_tangent_logreg,attention_lapse_binary,,0.34237650005886033,0,1,1,0,0,1
61,shadow-foundation_head_logreg,shadow,foundation_head_logreg,attention_lapse_binary,,0.0,0,1,1,0,0,1
61,shadow-foundation_prototype,shadow,foundation_prototype,attention_lapse_binary,,0.46010252015490927,0,1,1,0,0,1
61,shadow-torch_eegnet,shadow,torch_eegnet,attention_lapse_binary,,0.502819511955673,0,1,1,0,0,1
62,primary,primary,causal_bandpower_logreg,attention_lapse_binary,,1.0,0,1,1,0,0,1
62,shadow-riemann_tangent_logreg,shadow,riemann_tangent_logreg,attention_lapse_binary,,0.21016514961714802,0,1,1,0,0,1
62,shadow-foundation_head_logreg,shadow,foundation_head_logreg,attention_lapse_binary,,0.0,0,1,1,0,0,1
62,shadow-foundation_prototype,shadow,foundation_prototype,attention_lapse_binary,,0.4601029254851086,0,1,1,0,0,1
62,shadow-torch_eegnet,shadow,torch_eegnet,attention_lapse_binary,,0.524448758598711,0,1,1,0,0,1
63,primary,primary,causal_bandpower_logreg,attention_lapse_binary,,1.0,0,1,1,0,0,1
63,shadow-riemann_tangent_logreg,shadow,riemann_tangent_logreg,attention_lapse_binary,,0.13647821313297046,0,1,1,0,0,1
63,shadow-foundation_head_logreg,shadow,foundation_head_logreg,attention_lapse_binary,,0.0,0,1,1,0,0,1
63,shadow-foundation_prototype,shadow,foundation_prototype,attention_lapse_binary,,0.4601022368044549,0,1,1,0,0,1
63,shadow-torch_eegnet,shadow,torch_eegnet,attention_lapse_binary,,0.5499578807405161,0,1,1,0,0,1
64,primary,primary,causal_bandpower_logreg,attention_lapse_binary,,1.004206890768782e-116,0,1,1,0,0,1
64,shadow-riemann_tangent_logreg,shadow,riemann_tangent_logreg,attention_lapse_binary,,0.24121316678604257,0,1,1,0,0,1
64,shadow-foundation_head_logreg,shadow,foundation_head_logreg,attention_lapse_binary,,0.0,0,1,1,0,0,1
64,shadow-foundation_prototype,shadow,foundation_prototype,attention_lapse_binary,,0.46010394154528156,0,1,1,0,0,1
64,shadow-torch_eegnet,shadow,torch_eegnet,attention_lapse_binary,,0.5149953528720946,0,1,1,0,0,1
65,primary,primary,causal_bandpower_logreg,attention_lapse_binary,,3.9754026171176984e-233,1,0,0,0,1,1
65,shadow-riemann_tangent_logreg,shadow,riemann_tangent_logreg,attention_lapse_binary,,0.2602877748753613,1,0,0,0,1,1
65,shadow-foundation_head_logreg,shadow,foundation_head_logreg,attention_lapse_binary,,0.0,1,0,0,0,1,1
65,shadow-foundation_prototype,shadow,foundation_prototype,attention_lapse_binary,,0.46010351776719044,1,0,0,0,1,1
65,shadow-torch_eegnet,shadow,torch_eegnet,attention_lapse_binary,,0.5004232785584667,1,0,0,0,1,1
66,primary,primary,causal_bandpower_logreg,attention_lapse_binary,,1.0,0,0,0,0,0,0
66,shadow-riemann_tangent_logreg,shadow,riemann_tangent_logreg,attention_lapse_binary,,0.13792820479106555,0,0,0,0,0,0
66,shadow-foundation_head_logreg,shadow,foundation_head_logreg,attention_lapse_binary,,0.0,0,0,0,0,0,0
66,shadow-foundation_prototype,shadow,foundation_prototype,attention_lapse_binary,,0.4601022191415002,0,0,0,0,0,0
66,shadow-torch_eegnet,shadow,torch_eegnet,attention_lapse_binary,,0.4677563332400159,0,0,0,0,0,0
67,primary,primary,causal_bandpower_logreg,attention_lapse_binary,,1.0,0,0,0,0,0,0
67,shadow-riemann_tangent_logreg,shadow,riemann_tangent_logreg,attention_lapse_binary,,0.30339506520856535,0,0,0,0,0,0
67,shadow-foundation_head_logreg,shadow,foundation_head_logreg,attention_lapse_binary,,0.0,0,0,0,0,0,0
67,shadow-foundation_prototype,shadow,foundation_prototype,attention_lapse_binary,,0.4601021987527701,0,0,0,0,0,0
67,shadow-torch_eegnet,shadow,torch_eegnet,attention_lapse_binary,,0.475534441518474,0,0,0,0,0,0
68,primary,primary,causal_bandpower_logreg,attention_lapse_binary,,3.3922558302429875e-285,0,0,0,0,0,0
68,shadow-riemann_tangent_logreg,shadow,riemann_tangent_logreg,attention_lapse_binary,,0.119125149827484,0,0,0,0,0,0
68,shadow-foundation_head_logreg,shadow,foundation_head_logreg,attention_lapse_binary,,0.0,0,0,0,0,0,0
68,shadow-foundation_prototype,shadow,foundation_prototype,attention_lapse_binary,,0.46010230803742797,0,0,0,0,0,0
68,shadow-torch_eegnet,shadow,torch_eegnet,attention_lapse_binary,,0.5021356614812191,0,0,0,0,0,0
69,primary,primary,causal_bandpower_logreg,attention_lapse_binary,,3.5938351033393415e-62,1,0,0,0,1,1
69,shadow-riemann_tangent_logreg,shadow,riemann_tangent_logreg,attention_lapse_binary,,0.2770856110569989,1,0,0,0,1,1
69,shadow-foundation_head_logreg,shadow,foundation_head_logreg,attention_lapse_binary,,0.0,1,0,0,0,1,1
69,shadow-foundation_prototype,shadow,foundation_prototype,attention_lapse_binary,,0.4601019652028107,1,0,0,0,1,1
69,shadow-torch_eegnet,shadow,torch_eegnet,attention_lapse_binary,,0.5296096570863282,1,0,0,0,1,1
70,primary,primary,causal_bandpower_logreg,attention_lapse_binary,,1.0,0,0,0,0,0,0
70,shadow-riemann_tangent_logreg,shadow,riemann_tangent_logreg,attention_lapse_binary,,0.02966125360322522,0,0,0,0,0,0
70,shadow-foundation_head_logreg,shadow,foundation_head_logreg,attention_lapse_binary,,0.0,0,0,0,0,0,0
70,shadow-foundation_prototype,shadow,foundation_prototype,attention_lapse_binary,,0.4601050395017559,0,0,0,0,0,0
70,shadow-torch_eegnet,shadow,torch_eegnet,attention_lapse_binary,,0.5030900386706046,0,0,0,0,0,0
71,primary,primary,causal_bandpower_logreg,attention_lapse_binary,,4.341328283396571e-162,0,1,1,0,0,1
71,shadow-riemann_tangent_logreg,shadow,riemann_tangent_logreg,attention_lapse_binary,,0.2718574972682537,0,1,1,0,0,1
71,shadow-foundation_head_logreg,shadow,foundation_head_logreg,attention_lapse_binary,,0.0,0,1,1,0,0,1
71,shadow-foundation_prototype,shadow,foundation_prototype,attention_lapse_binary,,0.4601019141837686,0,1,1,0,0,1
71,shadow-torch_eegnet,shadow,torch_eegnet,attention_lapse_binary,,0.5319693165321441,0,1,1,0,0,1
72,primary,primary,causal_bandpower_logreg,attention_lapse_binary,,7.23210472290026e-29,0,0,0,0,0,0
72,shadow-riemann_tangent_logreg,shadow,riemann_tangent_logreg,attention_lapse_binary,,0.5997347578466227,0,0,0,0,0,0
72,shadow-foundation_head_logreg,shadow,foundation_head_logreg,attention_lapse_binary,,0.0,0,0,0,0,0,0
72,shadow-foundation_prototype,shadow,foundation_prototype,attention_lapse_binary,,0.4601015516994397,0,0,0,0,0,0
72,shadow-torch_eegnet,shadow,torch_eegnet,attention_lapse_binary,,0.4965843856802299,0,0,0,0,0,0
73,primary,primary,causal_bandpower_logreg,attention_lapse_binary,,5.14183431530434e-296,0,0,0,0,0,0
73,shadow-riemann_tangent_logreg,shadow,riemann_tangent_logreg,attention_lapse_binary,,0.10691783859391288,0,0,0,0,0,0
73,shadow-foundation_head_logreg,shadow,foundation_head_logreg,attention_lapse_binary,,0.0,0,0,0,0,0,0
73,shadow-foundation_prototype,shadow,foundation_prototype,attention_lapse_binary,,0.46010342297431633,0,0,0,0,0,0
73,shadow-torch_eegnet,shadow,torch_eegnet,attention_lapse_binary,,0.5212020169635863,0,0,0,0,0,0
74,primary,primary,causal_bandpower_logreg,attention_lapse_binary,,1.4815868363079506e-135,0,0,0,0,0,0
74,shadow-riemann_tangent_logreg,shadow,riemann_tangent_logreg,attention_lapse_binary,,0.1775825057509414,0,0,0,0,0,0
74,shadow-foundation_head_logreg,shadow,foundation_head_logreg,attention_lapse_binary,,0.0,0,0,0,0,0,0
74,shadow-foundation_prototype,shadow,foundation_prototype,attention_lapse_binary,,0.4601016152968785,0,0,0,0,0,0
74,shadow-torch_eegnet,shadow,torch_eegnet,attention_lapse_binary,,0.5118006640672753,0,0,0,0,0,0
75,primary,primary,causal_bandpower_logreg,attention_lapse_binary,,1.0,1,0,0,0,0,0
75,shadow-riemann_tangent_logreg,shadow,riemann_tangent_logreg,attention_lapse_binary,,0.2106400903529599,1,0,0,0,0,0
75,shadow-foundation_head_logreg,shadow,foundation_head_logreg,attention_lapse_binary,,0.0,1,0,0,0,0,0
75,shadow-foundation_prototype,shadow,foundation_prototype,attention_lapse_binary,,0.46010245913375336,1,0,0,0,0,0
75,shadow-torch_eegnet,shadow,torch_eegnet,attention_lapse_binary,,0.4971303714734801,1,0,0,0,0,0
76,primary,primary,causal_bandpower_logreg,attention_lapse_binary,,4.892700402096946e-124,0,0,0,0,0,0
76,shadow-riemann_tangent_logreg,shadow,riemann_tangent_logreg,attention_lapse_binary,,0.12563952410762644,0,0,0,0,0,0
76,shadow-foundation_head_logreg,shadow,foundation_head_logreg,attention_lapse_binary,,0.0,0,0,0,0,0,0
76,shadow-foundation_prototype,shadow,foundation_prototype,attention_lapse_binary,,0.4601027580122475,0,0,0,0,0,0
76,shadow-torch_eegnet,shadow,torch_eegnet,attention_lapse_binary,,0.4882634610624379,0,0,0,0,0,0
77,primary,primary,causal_bandpower_logreg,attention_lapse_binary,,0.0,1,0,0,0,1,1
77,shadow-riemann_tangent_logreg,shadow,riemann_tangent_logreg,attention_lapse_binary,,0.13601253947383976,1,0,0,0,1,1
77,shadow-foundation_head_logreg,shadow,foundation_head_logreg,attention_lapse_binary,,0.0,1,0,0,0,1,1
77,shadow-foundation_prototype,shadow,foundation_prototype,attention_lapse_binary,,0.46010239908229095,1,0,0,0,1,1
77,shadow-torch_eegnet,shadow,torch_eegnet,attention_lapse_binary,,0.4901757182723526,1,0,0,0,1,1
78,primary,primary,causal_bandpower_logreg,attention_lapse_binary,,8.663225240873438e-49,0,0,0,0,0,0
78,shadow-riemann_tangent_logreg,shadow,riemann_tangent_logreg,attention_lapse_binary,,0.08440709223997377,0,0,0,0,0,0
78,shadow-foundation_head_logreg,shadow,foundation_head_logreg,attention_lapse_binary,,0.0,0,0,0,0,0,0
78,shadow-foundation_prototype,shadow,foundation_prototype,attention_lapse_binary,,0.46010257502502444,0,0,0,0,0,0
78,shadow-torch_eegnet,shadow,torch_eegnet,attention_lapse_binary,,0.5271380799723285,0,0,0,0,0,0
79,primary,primary,causal_bandpower_logreg,attention_lapse_binary,,1.6384920383151937e-222,1,0,0,0,0,0
79,shadow-riemann_tangent_logreg,shadow,riemann_tangent_logreg,attention_lapse_binary,,0.3285564647754234,1,0,0,0,0,0
79,shadow-foundation_head_logreg,shadow,foundation_head_logreg,attention_lapse_binary,,0.0,1,0,0,0,0,0
79,shadow-foundation_prototype,shadow,foundation_prototype,attention_lapse_binary,,0.46010229479228154,1,0,0,0,0,0
79,shadow-torch_eegnet,shadow,torch_eegnet,attention_lapse_binary,,0.5394846682474276,1,0,0,0,0,0
80,primary,primary,causal_bandpower_logreg,attention_lapse_binary,,2.823821821152543e-150,0,0,0,0,0,0
80,shadow-riemann_tangent_logreg,shadow,riemann_tangent_logreg,attention_lapse_binary,,0.19718132088339527,0,0,0,0,0,0
80,shadow-foundation_head_logreg,shadow,foundation_head_logreg,attention_lapse_binary,,0.0,0,0,0,0,0,0
80,shadow-foundation_prototype,shadow,foundation_prototype,attention_lapse_binary,,0.460103351198669,0,0,0,0,0,0
80,shadow-torch_eegnet,shadow,torch_eegnet,attention_lapse_binary,,0.507272723094985,0,0,0,0,0,0
81,primary,primary,causal_bandpower_logreg,attention_lapse_binary,,0.0,1,0,0,0,0,0
81,shadow-riemann_tangent_logreg,shadow,riemann_tangent_logreg,attention_lapse_binary,,0.18828706004677323,1,0,0,0,0,0
81,shadow-foundation_head_logreg,shadow,foundation_head_logreg,attention_lapse_binary,,0.0,1,0,0,0,0,0
81,shadow-foundation_prototype,shadow,foundation_prototype,attention_lapse_binary,,0.4601025773344176,1,0,0,0,0,0
81,shadow-torch_eegnet,shadow,torch_eegnet,attention_lapse_binary,,0.5421817334861858,1,0,0,0,0,0
82,primary,primary,causal_bandpower_logreg,attention_lapse_binary,,1.0,0,0,0,0,0,0
82,shadow-riemann_tangent_logreg,shadow,riemann_tangent_logreg,attention_lapse_binary,,0.27555659585539866,0,0,0,0,0,0
82,shadow-foundation_head_logreg,shadow,foundation_head_logreg,attention_lapse_binary,,0.0,0,0,0,0,0,0
82,shadow-foundation_prototype,shadow,foundation_prototype,attention_lapse_binary,,0.46010364755633326,0,0,0,0,0,0
82,shadow-torch_eegnet,shadow,torch_eegnet,attention_lapse_binary,,0.5347294305851636,0,0,0,0,0,0
83,primary,primary,causal_bandpower_logreg,attention_lapse_binary,,1.0,0,0,0,0,0,0
83,shadow-riemann_tangent_logreg,shadow,riemann_tangent_logreg,attention_lapse_binary,,0.09376998578032174,0,0,0,0,0,0
83,shadow-foundation_head_logreg,shadow,foundation_head_logreg,attention_lapse_binary,,0.0,0,0,0,0,0,0
83,shadow-foundation_prototype,shadow,foundation_prototype,attention_lapse_binary,,0.46010210728290424,0,0,0,0,0,0
83,shadow-torch_eegnet,shadow,torch_eegnet,attention_lapse_binary,,0.5393146197678791,0,0,0,0,0,0
84,primary,primary,causal_bandpower_logreg,attention_lapse_binary,,1.0,0,0,0,0,0,0
84,shadow-riemann_tangent_logreg,shadow,riemann_tangent_logreg,attention_lapse_binary,,0.114586846702253,0,0,0,0,0,0
84,shadow-foundation_head_logreg,shadow,foundation_head_logreg,attention_lapse_binary,,0.0,0,0,0,0,0,0
84,shadow-foundation_prototype,shadow,foundation_prototype,attention_lapse_binary,,0.4601025081273788,0,0,0,0,0,0
84,shadow-torch_eegnet,shadow,torch_eegnet,attention_lapse_binary,,0.5364855954721067,0,0,0,0,0,0
85,primary,primary,causal_bandpower_logreg,attention_lapse_binary,,8.979199381091163e-08,0,0,0,0,0,0
85,shadow-riemann_tangent_logreg,shadow,riemann_tangent_logreg,attention_lapse_binary,,0.10356451200484512,0,0,0,0,0,0
85,shadow-foundation_head_logreg,shadow,foundation_head_logreg,attention_lapse_binary,,0.0,0,0,0,0,0,0
85,shadow-foundation_prototype,shadow,foundation_prototype,attention_lapse_binary,,0.4601023193198508,0,0,0,0,0,0
85,shadow-torch_eegnet,shadow,torch_eegnet,attention_lapse_binary,,0.5441571256003652,0,0,0,0,0,0
86,primary,primary,causal_bandpower_logreg,attention_lapse_binary,,0.0,0,0,0,0,0,0
86,shadow-riemann_tangent_logreg,shadow,riemann_tangent_logreg,attention_lapse_binary,,0.10556774379858384,0,0,0,0,0,0
86,shadow-foundation_head_logreg,shadow,foundation_head_logreg,attention_lapse_binary,,0.0,0,0,0,0,0,0
86,shadow-foundation_prototype,shadow,foundation_prototype,attention_lapse_binary,,0.46010339443369513,0,0,0,0,0,0
86,shadow-torch_eegnet,shadow,torch_eegnet,attention_lapse_binary,,0.5324995058872748,0,0,0,0,0,0
87,primary,primary,causal_bandpower_logreg,attention_lapse_binary,,1.0,0,0,0,0,0,0
87,shadow-riemann_tangent_logreg,shadow,riemann_tangent_logreg,attention_lapse_binary,,0.02035586576880769,0,0,0,0,0,0
87,shadow-foundation_head_logreg,shadow,foundation_head_logreg,attention_lapse_binary,,0.0,0,0,0,0,0,0
87,shadow-foundation_prototype,shadow,foundation_prototype,attention_lapse_binary,,0.46010273203793906,0,0,0,0,0,0
87,shadow-torch_eegnet,shadow,torch_eegnet,attention_lapse_binary,,0.5300303981984238,0,0,0,0,0,0
88,primary,primary,causal_bandpower_logreg,attention_lapse_binary,,0.0,1,0,0,0,0,0
88,shadow-riemann_tangent_logreg,shadow,riemann_tangent_logreg,attention_lapse_binary,,0.05656305152800615,1,0,0,0,0,0
88,shadow-foundation_head_logreg,shadow,foundation_head_logreg,attention_lapse_binary,,0.0,1,0,0,0,0,0
88,shadow-foundation_prototype,shadow,foundation_prototype,attention_lapse_binary,,0.4601021291066141,1,0,0,0,0,0
88,shadow-torch_eegnet,shadow,torch_eegnet,attention_lapse_binary,,0.5043571084479271,1,0,0,0,0,0
89,primary,primary,causal_bandpower_logreg,attention_lapse_binary,,1.0,1,0,0,0,0,0
89,shadow-riemann_tangent_logreg,shadow,riemann_tangent_logreg,attention_lapse_binary,,0.09327013656623334,1,0,0,0,0,0
89,shadow-foundation_head_logreg,shadow,foundation_head_logreg,attention_lapse_binary,,0.0,1,0,0,0,0,0
89,shadow-foundation_prototype,shadow,foundation_prototype,attention_lapse_binary,,0.46010236756318434,1,0,0,0,0,0
89,shadow-torch_eegnet,shadow,torch_eegnet,attention_lapse_binary,,0.5113086699266197,1,0,0,0,0,0
90,primary,primary,causal_bandpower_logreg,attention_lapse_binary,,1.2834522436860457e-125,0,0,0,0,0,0
90,shadow-riemann_tangent_logreg,shadow,riemann_tangent_logreg,attention_lapse_binary,,0.20314865473262098,0,0,0,0,0,0
90,shadow-foundation_head_logreg,shadow,foundation_head_logreg,attention_lapse_binary,,0.0,0,0,0,0,0,0
90,shadow-foundation_prototype,shadow,foundation_prototype,attention_lapse_binary,,0.4601025149426702,0,0,0,0,0,0
90,shadow-torch_eegnet,shadow,torch_eegnet,attention_lapse_binary,,0.4815679448798059,0,0,0,0,0,0
91,primary,primary,causal_bandpower_logreg,attention_lapse_binary,,6.818045714799655e-43,0,0,0,0,0,0
91,shadow-riemann_tangent_logreg,shadow,riemann_tangent_logreg,attention_lapse_binary,,0.07303788445739358,0,0,0,0,0,0
91,shadow-foundation_head_logreg,shadow,foundation_head_logreg,attention_lapse_binary,,0.0,0,0,0,0,0,0
91,shadow-foundation_prototype,shadow,foundation_prototype,attention_lapse_binary,,0.46010320091939644,0,0,0,0,0,0
91,shadow-torch_eegnet,shadow,torch_eegnet,attention_lapse_binary,,0.46674535130679606,0,0,0,0,0,0
92,primary,primary,causal_bandpower_logreg,attention_lapse_binary,,4.63136379774289e-23,1,0,0,0,0,0
92,shadow-riemann_tangent_logreg,shadow,riemann_tangent_logreg,attention_lapse_binary,,0.03849791834607862,1,0,0,0,0,0
92,shadow-foundation_head_logreg,shadow,foundation_head_logreg,attention_lapse_binary,,0.0,1,0,0,0,0,0
92,shadow-foundation_prototype,shadow,foundation_prototype,attention_lapse_binary,,0.46010247571966734,1,0,0,0,0,0
92,shadow-torch_eegnet,shadow,torch_eegnet,attention_lapse_binary,,0.5378618745893627,1,0,0,0,0,0
93,primary,primary,causal_bandpower_logreg,attention_lapse_binary,,1.8754761572818575e-202,0,0,0,0,0,0
93,shadow-riemann_tangent_logreg,shadow,riemann_tangent_logreg,attention_lapse_binary,,0.05101452609192568,0,0,0,0,0,0
93,shadow-foundation_head_logreg,shadow,foundation_head_logreg,attention_lapse_binary,,0.0,0,0,0,0,0,0
93,shadow-foundation_prototype,shadow,foundation_prototype,attention_lapse_binary,,0.46010228623123356,0,0,0,0,0,0
93,shadow-torch_eegnet,shadow,torch_eegnet,attention_lapse_binary,,0.5203344436015074,0,0,0,0,0,0
94,primary,primary,causal_bandpower_logreg,attention_lapse_binary,,0.0,1,0,0,0,0,0
94,shadow-riemann_tangent_logreg,shadow,riemann_tangent_logreg,attention_lapse_binary,,0.05122220785133247,1,0,0,0,0,0
94,shadow-foundation_head_logreg,shadow,foundation_head_logreg,attention_lapse_binary,,0.0,1,0,0,0,0,0
94,shadow-foundation_prototype,shadow,foundation_prototype,attention_lapse_binary,,0.46010202594481137,1,0,0,0,0,0
94,shadow-torch_eegnet,shadow,torch_eegnet,attention_lapse_binary,,0.5311983764733479,1,0,0,0,0,0
95,primary,primary,causal_bandpower_logreg,attention_lapse_binary,,1.0,0,0,0,1,0,1
95,shadow-riemann_tangent_logreg,shadow,riemann_tangent_logreg,attention_lapse_binary,,0.16036660286631155,0,0,0,1,0,1
95,shadow-foundation_head_logreg,shadow,foundation_head_logreg,attention_lapse_binary,,0.0,0,0,0,1,0,1
95,shadow-foundation_prototype,shadow,foundation_prototype,attention_lapse_binary,,0.4601025026446874,0,0,0,1,0,1
95,shadow-torch_eegnet,shadow,torch_eegnet,attention_lapse_binary,,0.5438234115573488,0,0,0,1,0,1
96,primary,primary,causal_bandpower_logreg,attention_lapse_binary,,1.1369992554478637e-39,1,0,0,0,0,0
96,shadow-riemann_tangent_logreg,shadow,riemann_tangent_logreg,attention_lapse_binary,,0.8219215002287547,1,0,0,0,0,0
96,shadow-foundation_head_logreg,shadow,foundation_head_logreg,attention_lapse_binary,,0.0,1,0,0,0,0,0
96,shadow-foundation_prototype,shadow,foundation_prototype,attention_lapse_binary,,0.4601023884871414,1,0,0,0,0,0
96,shadow-torch_eegnet,shadow,torch_eegnet,attention_lapse_binary,,0.5368974245124837,1,0,0,0,0,0
97,primary,primary,causal_bandpower_logreg,attention_lapse_binary,,1.0,0,0,0,0,0,0
97,shadow-riemann_tangent_logreg,shadow,riemann_tangent_logreg,attention_lapse_binary,,0.0431071126262658,0,0,0,0,0,0
97,shadow-foundation_head_logreg,shadow,foundation_head_logreg,attention_lapse_binary,,0.0,0,0,0,0,0,0
97,shadow-foundation_prototype,shadow,foundation_prototype,attention_lapse_binary,,0.46010222260443195,0,0,0,0,0,0
97,shadow-torch_eegnet,shadow,torch_eegnet,attention_lapse_binary,,0.5035951309588392,0,0,0,0,0,0
98,primary,primary,causal_bandpower_logreg,attention_lapse_binary,,1.0,0,0,0,0,0,0
98,shadow-riemann_tangent_logreg,shadow,riemann_tangent_logreg,attention_lapse_binary,,0.13747168910599178,0,0,0,0,0,0
98,shadow-foundation_head_logreg,shadow,foundation_head_logreg,attention_lapse_binary,,0.0,0,0,0,0,0,0
98,shadow-foundation_prototype,shadow,foundation_prototype,attention_lapse_binary,,0.46010204427321444,0,0,0,0,0,0
98,shadow-torch_eegnet,shadow,torch_eegnet,attention_lapse_binary,,0.49506364317612944,0,0,0,0,0,0
99,primary,primary,causal_bandpower_logreg,attention_lapse_binary,,0.999999999995719,0,1,1,0,0,1
99,shadow-riemann_tangent_logreg,shadow,riemann_tangent_logreg,attention_lapse_binary,,0.23636147934505633,0,1,1,0,0,1
99,shadow-foundation_head_logreg,shadow,foundation_head_logreg,attention_lapse_binary,,0.0,0,1,1,0,0,1
99,shadow-foundation_prototype,shadow,foundation_prototype,attention_lapse_binary,,0.4601023741232203,0,1,1,0,0,1
99,shadow-torch_eegnet,shadow,torch_eegnet,attention_lapse_binary,,0.5341204744719678,0,1,1,0,0,1
100,primary,primary,causal_bandpower_logreg,attention_lapse_binary,,1.0,0,0,0,0,0,0
100,shadow-riemann_tangent_logreg,shadow,riemann_tangent_logreg,attention_lapse_binary,,0.9871263556619165,0,0,0,0,0,0
100,shadow-foundation_head_logreg,shadow,foundation_head_logreg,attention_lapse_binary,,0.0,0,0,0,0,0,0
100,shadow-foundation_prototype,shadow,foundation_prototype,attention_lapse_binary,,0.46010176694613125,0,0,0,0,0,0
100,shadow-torch_eegnet,shadow,torch_eegnet,attention_lapse_binary,,0.5473900615118147,0,0,0,0,0,0
101,primary,primary,causal_bandpower_logreg,attention_lapse_binary,,0.0,1,0,0,0,0,0
101,shadow-riemann_tangent_logreg,shadow,riemann_tangent_logreg,attention_lapse_binary,,0.981490844593842,1,0,0,0,0,0
101,shadow-foundation_head_logreg,shadow,foundation_head_logreg,attention_lapse_binary,,0.0,1,0,0,0,0,0
101,shadow-foundation_prototype,shadow,foundation_prototype,attention_lapse_binary,,0.46010196644128737,1,0,0,0,0,0
101,shadow-torch_eegnet,shadow,torch_eegnet,attention_lapse_binary,,0.7821466994449253,1,0,0,0,0,0
102,primary,primary,causal_bandpower_logreg,attention_lapse_binary,,1.0,0,0,0,0,0,0
102,shadow-riemann_tangent_logreg,shadow,riemann_tangent_logreg,attention_lapse_binary,,0.12070973802426363,0,0,0,0,0,0
102,shadow-foundation_head_logreg,shadow,foundation_head_logreg,attention_lapse_binary,,0.0,0,0,0,0,0,0
102,shadow-foundation_prototype,shadow,foundation_prototype,attention_lapse_binary,,0.46010200815605795,0,0,0,0,0,0
102,shadow-torch_eegnet,shadow,torch_eegnet,attention_lapse_binary,,0.5304405671700938,0,0,0,0,0,0
103,primary,primary,causal_bandpower_logreg,attention_lapse_binary,,1.0,1,0,0,0,1,1
103,shadow-riemann_tangent_logreg,shadow,riemann_tangent_logreg,attention_lapse_binary,,0.4744543386328899,1,0,0,0,1,1
103,shadow-foundation_head_logreg,shadow,foundation_head_logreg,attention_lapse_binary,,0.0,1,0,0,0,1,1
103,shadow-foundation_prototype,shadow,foundation_prototype,attention_lapse_binary,,0.4601021458955966,1,0,0,0,1,1
103,shadow-torch_eegnet,shadow,torch_eegnet,attention_lapse_binary,,0.5308194074791848,1,0,0,0,1,1
104,primary,primary,causal_bandpower_logreg,attention_lapse_binary,,1.2208792023597797e-19,0,0,0,1,0,1
104,shadow-riemann_tangent_logreg,shadow,riemann_tangent_logreg,attention_lapse_binary,,0.559332322587769,0,0,0,1,0,1
104,shadow-foundation_head_logreg,shadow,foundation_head_logreg,attention_lapse_binary,,0.0,0,0,0,1,0,1
104,shadow-foundation_prototype,shadow,foundation_prototype,attention_lapse_binary,,0.4601020428580966,0,0,0,1,0,1
104,shadow-torch_eegnet,shadow,torch_eegnet,attention_lapse_binary,,0.5711973309121737,0,0,0,1,0,1
105,primary,primary,causal_bandpower_logreg,attention_lapse_binary,,4.413733221385957e-221,0,1,1,0,0,1
105,shadow-riemann_tangent_logreg,shadow,riemann_tangent_logreg,attention_lapse_binary,,0.4735339641244354,0,1,1,0,0,1
105,shadow-foundation_head_logreg,shadow,foundation_head_logreg,attention_lapse_binary,,0.0,0,1,1,0,0,1
105,shadow-foundation_prototype,shadow,foundation_prototype,attention_lapse_binary,,0.460101993930521,0,1,1,0,0,1
105,shadow-torch_eegnet,shadow,torch_eegnet,attention_lapse_binary,,0.5745321498671014,0,1,1,0,0,1
106,primary,primary,causal_bandpower_logreg,attention_lapse_binary,,1.0,0,0,0,0,0,0
106,shadow-riemann_tangent_logreg,shadow,riemann_tangent_logreg,attention_lapse_binary,,0.10280864157308546,0,0,0,0,0,0
106,shadow-foundation_head_logreg,shadow,foundation_head_logreg,attention_lapse_binary,,0.0,0,0,0,0,0,0
106,shadow-foundation_prototype,shadow,foundation_prototype,attention_lapse_binary,,0.4601016966391646,0,0,0,0,0,0
106,shadow-torch_eegnet,shadow,torch_eegnet,attention_lapse_binary,,0.552210767299962,0,0,0,0,0,0
107,primary,primary,causal_bandpower_logreg,attention_lapse_binary,,1.2365765087719445e-89,0,1,1,0,0,1
107,shadow-riemann_tangent_logreg,shadow,riemann_tangent_logreg,attention_lapse_binary,,0.34685405799527996,0,1,1,0,0,1
107,shadow-foundation_head_logreg,shadow,foundation_head_logreg,attention_lapse_binary,,0.0,0,1,1,0,0,1
107,shadow-foundation_prototype,shadow,foundation_prototype,attention_lapse_binary,,0.4601025780319987,0,1,1,0,0,1
107,shadow-torch_eegnet,shadow,torch_eegnet,attention_lapse_binary,,0.5134749223068605,0,1,1,0,0,1
108,primary,primary,causal_bandpower_logreg,attention_lapse_binary,,4.901311813656727e-32,0,0,0,0,0,0
108,shadow-riemann_tangent_logreg,shadow,riemann_tangent_logreg,attention_lapse_binary,,0.7157042293668235,0,0,0,0,0,0
108,shadow-foundation_head_logreg,shadow,foundation_head_logreg,attention_lapse_binary,,0.0,0,0,0,0,0,0
108,shadow-foundation_prototype,shadow,foundation_prototype,attention_lapse_binary,,0.46010205034838325,0,0,0,0,0,0
108,shadow-torch_eegnet,shadow,torch_eegnet,attention_lapse_binary,,0.5138269427117848,0,0,0,0,0,0
109,primary,primary,causal_bandpower_logreg,attention_lapse_binary,,1.0,0,0,0,0,0,0
109,shadow-riemann_tangent_logreg,shadow,riemann_tangent_logreg,attention_lapse_binary,,0.5981622716808095,0,0,0,0,0,0
109,shadow-foundation_head_logreg,shadow,foundation_head_logreg,attention_lapse_binary,,0.0,0,0,0,0,0,0
109,shadow-foundation_prototype,shadow,foundation_prototype,attention_lapse_binary,,0.46010222802900475,0,0,0,0,0,0
109,shadow-torch_eegnet,shadow,torch_eegnet,attention_lapse_binary,,0.4598363765968855,0,0,0,0,0,0
110,primary,primary,causal_bandpower_logreg,attention_lapse_binary,,1.0,0,0,0,0,0,0
110,shadow-riemann_tangent_logreg,shadow,riemann_tangent_logreg,attention_lapse_binary,,0.34383580653499585,0,0,0,0,0,0
110,shadow-foundation_head_logreg,shadow,foundation_head_logreg,attention_lapse_binary,,0.0,0,0,0,0,0,0
110,shadow-foundation_prototype,shadow,foundation_prototype,attention_lapse_binary,,0.4601026109064996,0,0,0,0,0,0
110,shadow-torch_eegnet,shadow,torch_eegnet,attention_lapse_binary,,0.46010095160313397,0,0,0,0,0,0
111,primary,primary,causal_bandpower_logreg,attention_lapse_binary,,1.0451942817806026e-163,0,0,0,0,0,0
111,shadow-riemann_tangent_logreg,shadow,riemann_tangent_logreg,attention_lapse_binary,,0.5718405195043877,0,0,0,0,0,0
111,shadow-foundation_head_logreg,shadow,foundation_head_logreg,attention_lapse_binary,,0.0,0,0,0,0,0,0
111,shadow-foundation_prototype,shadow,foundation_prototype,attention_lapse_binary,,0.4601025015339803,0,0,0,0,0,0
111,shadow-torch_eegnet,shadow,torch_eegnet,attention_lapse_binary,,0.5040568694531831,0,0,0,0,0,0
112,primary,primary,causal_bandpower_logreg,attention_lapse_binary,,1.0,0,1,1,0,0,1
112,shadow-riemann_tangent_logreg,shadow,riemann_tangent_logreg,attention_lapse_binary,,0.3139761120685153,0,1,1,0,0,1
112,shadow-foundation_head_logreg,shadow,foundation_head_logreg,attention_lapse_binary,,0.0,0,1,1,0,0,1
112,shadow-foundation_prototype,shadow,foundation_prototype,attention_lapse_binary,,0.46010231033433224,0,1,1,0,0,1
112,shadow-torch_eegnet,shadow,torch_eegnet,attention_lapse_binary,,0.49603002851946826,0,1,1,0,0,1
113,primary,primary,causal_bandpower_logreg,attention_lapse_binary,,1.0,0,0,0,0,0,0
113,shadow-riemann_tangent_logreg,shadow,riemann_tangent_logreg,attention_lapse_binary,,0.6325005481470515,0,0,0,0,0,0
113,shadow-foundation_head_logreg,shadow,foundation_head_logreg,attention_lapse_binary,,0.0,0,0,0,0,0,0
113,shadow-foundation_prototype,shadow,foundation_prototype,attention_lapse_binary,,0.4601022199522936,0,0,0,0,0,0
113,shadow-torch_eegnet,shadow,torch_eegnet,attention_lapse_binary,,0.49641189690432164,0,0,0,0,0,0
114,primary,primary,causal_bandpower_logreg,attention_lapse_binary,,1.0,0,0,0,0,0,0
114,shadow-riemann_tangent_logreg,shadow,riemann_tangent_logreg,attention_lapse_binary,,0.7185693968554608,0,0,0,0,0,0
114,shadow-foundation_head_logreg,shadow,foundation_head_logreg,attention_lapse_binary,,0.0,0,0,0,0,0,0
114,shadow-foundation_prototype,shadow,foundation_prototype,attention_lapse_binary,,0.460102209618862,0,0,0,0,0,0
114,shadow-torch_eegnet,shadow,torch_eegnet,attention_lapse_binary,,0.5243568079456137,0,0,0,0,0,0
115,primary,primary,causal_bandpower_logreg,attention_lapse_binary,,1.5373335495747376e-134,1,0,0,0,0,0
115,shadow-riemann_tangent_logreg,shadow,riemann_tangent_logreg,attention_lapse_binary,,0.28937564078600636,1,0,0,0,0,0
115,shadow-foundation_head_logreg,shadow,foundation_head_logreg,attention_lapse_binary,,0.0,1,0,0,0,0,0
115,shadow-foundation_prototype,shadow,foundation_prototype,attention_lapse_binary,,0.46010318741549505,1,0,0,0,0,0
115,shadow-torch_eegnet,shadow,torch_eegnet,attention_lapse_binary,,0.5256378064850517,1,0,0,0,0,0
116,primary,primary,causal_bandpower_logreg,attention_lapse_binary,,1.0,1,0,0,0,0,0
116,shadow-riemann_tangent_logreg,shadow,riemann_tangent_logreg,attention_lapse_binary,,0.1706605275302119,1,0,0,0,0,0
116,shadow-foundation_head_logreg,shadow,foundation_head_logreg,attention_lapse_binary,,0.0,1,0,0,0,0,0
116,shadow-foundation_prototype,shadow,foundation_prototype,attention_lapse_binary,,0.4601019070750765,1,0,0,0,0,0
116,shadow-torch_eegnet,shadow,torch_eegnet,attention_lapse_binary,,0.5220441286464329,1,0,0,0,0,0
117,primary,primary,causal_bandpower_logreg,attention_lapse_binary,,0.0,0,0,0,0,0,0
117,shadow-riemann_tangent_logreg,shadow,riemann_tangent_logreg,attention_lapse_binary,,0.02944491370384005,0,0,0,0,0,0
117,shadow-foundation_head_logreg,shadow,foundation_head_logreg,attention_lapse_binary,,0.0,0,0,0,0,0,0
117,shadow-foundation_prototype,shadow,foundation_prototype,attention_lapse_binary,,0.4601021498657095,0,0,0,0,0,0
117,shadow-torch_eegnet,shadow,torch_eegnet,attention_lapse_binary,,0.5109521571361254,0,0,0,0,0,0
118,primary,primary,causal_bandpower_logreg,attention_lapse_binary,,1.2085068959170114e-130,1,0,0,0,0,0
118,shadow-riemann_tangent_logreg,shadow,riemann_tangent_logreg,attention_lapse_binary,,0.13155907484766474,1,0,0,0,0,0
118,shadow-foundation_head_logreg,shadow,foundation_head_logreg,attention_lapse_binary,,0.0,1,0,0,0,0,0
118,shadow-foundation_prototype,shadow,foundation_prototype,attention_lapse_binary,,0.4601019022319877,1,0,0,0,0,0
118,shadow-torch_eegnet,shadow,torch_eegnet,attention_lapse_binary,,0.5076672331145272,1,0,0,0,0,0
119,primary,primary,causal_bandpower_logreg,attention_lapse_binary,,1.0,1,0,0,0,1,1
119,shadow-riemann_tangent_logreg,shadow,riemann_tangent_logreg,attention_lapse_binary,,0.31706551500456426,1,0,0,0,1,1
119,shadow-foundation_head_logreg,shadow,foundation_head_logreg,attention_lapse_binary,,0.0,1,0,0,0,1,1
119,shadow-foundation_prototype,shadow,foundation_prototype,attention_lapse_binary,,0.46010240198624575,1,0,0,0,1,1
119,shadow-torch_eegnet,shadow,torch_eegnet,attention_lapse_binary,,0.46158385906817306,1,0,0,0,1,1
120,primary,primary,causal_bandpower_logreg,attention_lapse_binary,,5.28630166078304e-85,0,0,0,0,0,0
120,shadow-riemann_tangent_logreg,shadow,riemann_tangent_logreg,attention_lapse_binary,,0.36979305747800617,0,0,0,0,0,0
120,shadow-foundation_head_logreg,shadow,foundation_head_logreg,attention_lapse_binary,,0.0,0,0,0,0,0,0
120,shadow-foundation_prototype,shadow,foundation_prototype,attention_lapse_binary,,0.46010264074521007,0,0,0,0,0,0
120,shadow-torch_eegnet,shadow,torch_eegnet,attention_lapse_binary,,0.46704720692389134,0,0,0,0,0,0
121,primary,primary,causal_bandpower_logreg,attention_lapse_binary,,0.0,0,0,0,0,0,0
121,shadow-riemann_tangent_logreg,shadow,riemann_tangent_logreg,attention_lapse_binary,,0.6619682888488028,0,0,0,0,0,0
121,shadow-foundation_head_logreg,shadow,foundation_head_logreg,attention_lapse_binary,,0.0,0,0,0,0,0,0
121,shadow-foundation_prototype,shadow,foundation_prototype,attention_lapse_binary,,0.460102706977274,0,0,0,0,0,0
121,shadow-torch_eegnet,shadow,torch_eegnet,attention_lapse_binary,,0.4480638679925373,0,0,0,0,0,0
122,primary,primary,causal_bandpower_logreg,attention_lapse_binary,,2.1860474739569943e-224,1,0,0,0,0,0
122,shadow-riemann_tangent_logreg,shadow,riemann_tangent_logreg,attention_lapse_binary,,0.9499524066439896,1,0,0,0,0,0
122,shadow-foundation_head_logreg,shadow,foundation_head_logreg,attention_lapse_binary,,0.0,1,0,0,0,0,0
122,shadow-foundation_prototype,shadow,foundation_prototype,attention_lapse_binary,,0.46010008800228847,1,0,0,0,0,0
122,shadow-torch_eegnet,shadow,torch_eegnet,attention_lapse_binary,,0.42852719577653947,1,0,0,0,0,0
123,primary,primary,causal_bandpower_logreg,attention_lapse_binary,,1.0,0,0,0,0,0,0
123,shadow-riemann_tangent_logreg,shadow,riemann_tangent_logreg,attention_lapse_binary,,0.3592434309146581,0,0,0,0,0,0
123,shadow-foundation_head_logreg,shadow,foundation_head_logreg,attention_lapse_binary,,0.0,0,0,0,0,0,0
123,shadow-foundation_prototype,shadow,foundation_prototype,attention_lapse_binary,,0.46010214444121567,0,0,0,0,0,0
123,shadow-torch_eegnet,shadow,torch_eegnet,attention_lapse_binary,,0.5073728013385969,0,0,0,0,0,0
124,primary,primary,causal_bandpower_logreg,attention_lapse_binary,,1.0,1,0,0,0,0,0
124,shadow-riemann_tangent_logreg,shadow,riemann_tangent_logreg,attention_lapse_binary,,0.43374036238027974,1,0,0,0,0,0
124,shadow-foundation_head_logreg,shadow,foundation_head_logreg,attention_lapse_binary,,0.0,1,0,0,0,0,0
124,shadow-foundation_prototype,shadow,foundation_prototype,attention_lapse_binary,,0.4601021983231972,1,0,0,0,0,0
124,shadow-torch_eegnet,shadow,torch_eegnet,attention_lapse_binary,,0.4911335688866584,1,0,0,0,0,0
125,primary,primary,causal_bandpower_logreg,attention_lapse_binary,,1.1953540839435742e-10,1,0,0,0,0,0
125,shadow-riemann_tangent_logreg,shadow,riemann_tangent_logreg,attention_lapse_binary,,0.3986767950816671,1,0,0,0,0,0
125,shadow-foundation_head_logreg,shadow,foundation_head_logreg,attention_lapse_binary,,0.0,1,0,0,0,0,0
125,shadow-foundation_prototype,shadow,foundation_prototype,attention_lapse_binary,,0.46010269602109394,1,0,0,0,0,0
125,shadow-torch_eegnet,shadow,torch_eegnet,attention_lapse_binary,,0.48288982771965,1,0,0,0,0,0
126,primary,primary,causal_bandpower_logreg,attention_lapse_binary,,3.2831124856255306e-83,0,1,1,0,0,1
126,shadow-riemann_tangent_logreg,shadow,riemann_tangent_logreg,attention_lapse_binary,,0.16952804467636934,0,1,1,0,0,1
126,shadow-foundation_head_logreg,shadow,foundation_head_logreg,attention_lapse_binary,,0.0,0,1,1,0,0,1
126,shadow-foundation_prototype,shadow,foundation_prototype,attention_lapse_binary,,0.4601022977490507,0,1,1,0,0,1
126,shadow-torch_eegnet,shadow,torch_eegnet,attention_lapse_binary,,0.4780599883760493,0,1,1,0,0,1
127,primary,primary,causal_bandpower_logreg,attention_lapse_binary,,2.336026029856484e-176,1,0,0,0,0,0
127,shadow-riemann_tangent_logreg,shadow,riemann_tangent_logreg,attention_lapse_binary,,0.26379352367430814,1,0,0,0,0,0
127,shadow-foundation_head_logreg,shadow,foundation_head_logreg,attention_lapse_binary,,0.0,1,0,0,0,0,0
127,shadow-foundation_prototype,shadow,foundation_prototype,attention_lapse_binary,,0.46010278661672804,1,0,0,0,0,0
127,shadow-torch_eegnet,shadow,torch_eegnet,attention_lapse_binary,,0.5180330983192768,1,0,0,0,0,0
128,primary,primary,causal_bandpower_logreg,attention_lapse_binary,,7.091255600507209e-189,0,0,0,0,0,0
128,shadow-riemann_tangent_logreg,shadow,riemann_tangent_logreg,attention_lapse_binary,,0.04431980255231918,0,0,0,0,0,0
128,shadow-foundation_head_logreg,shadow,foundation_head_logreg,attention_lapse_binary,,0.0,0,0,0,0,0,0
128,shadow-foundation_prototype,shadow,foundation_prototype,attention_lapse_binary,,0.4601022312091163,0,0,0,0,0,0
128,shadow-torch_eegnet,shadow,torch_eegnet,attention_lapse_binary,,0.5659718505783119,0,0,0,0,0,0
129,primary,primary,causal_bandpower_logreg,attention_lapse_binary,,1.0,0,1,1,0,0,1
129,shadow-riemann_tangent_logreg,shadow,riemann_tangent_logreg,attention_lapse_binary,,0.19655733403889772,0,1,1,0,0,1
129,shadow-foundation_head_logreg,shadow,foundation_head_logreg,attention_lapse_binary,,0.0,0,1,1,0,0,1
129,shadow-foundation_prototype,shadow,foundation_prototype,attention_lapse_binary,,0.46010272564552623,0,1,1,0,0,1
129,shadow-torch_eegnet,shadow,torch_eegnet,attention_lapse_binary,,0.5560554855777343,0,1,1,0,0,1
130,primary,primary,causal_bandpower_logreg,attention_lapse_binary,,1.0,1,0,0,0,0,0
130,shadow-riemann_tangent_logreg,shadow,riemann_tangent_logreg,attention_lapse_binary,,0.08425477657715078,1,0,0,0,0,0
130,shadow-foundation_head_logreg,shadow,foundation_head_logreg,attention_lapse_binary,,0.0,1,0,0,0,0,0
130,shadow-foundation_prototype,shadow,foundation_prototype,attention_lapse_binary,,0.4601021850498474,1,0,0,0,0,0
130,shadow-torch_eegnet,shadow,torch_eegnet,attention_lapse_binary,,0.5516106835489621,1,0,0,0,0,0
131,primary,primary,causal_bandpower_logreg,attention_lapse_binary,,1.2345937104681574e-158,0,0,0,0,0,0
131,shadow-riemann_tangent_logreg,shadow,riemann_tangent_logreg,attention_lapse_binary,,0.03090614061886276,0,0,0,0,0,0
131,shadow-foundation_head_logreg,shadow,foundation_head_logreg,attention_lapse_binary,,0.0,0,0,0,0,0,0
131,shadow-foundation_prototype,shadow,foundation_prototype,attention_lapse_binary,,0.46010242343705227,0,0,0,0,0,0
131,shadow-torch_eegnet,shadow,torch_eegnet,attention_lapse_binary,,0.5549296958510963,0,0,0,0,0,0
132,primary,primary,causal_bandpower_logreg,attention_lapse_binary,,1.0,1,0,0,0,1,1
132,shadow-riemann_tangent_logreg,shadow,riemann_tangent_logreg,attention_lapse_binary,,0.29534222356280837,1,0,0,0,1,1
132,shadow-foundation_head_logreg,shadow,foundation_head_logreg,attention_lapse_binary,,0.0,1,0,0,0,1,1
132,shadow-foundation_prototype,shadow,foundation_prototype,attention_lapse_binary,,0.4601037150912786,1,0,0,0,1,1
132,shadow-torch_eegnet,shadow,torch_eegnet,attention_lapse_binary,,0.5189925305079791,1,0,0,0,1,1
133,primary,primary,causal_bandpower_logreg,attention_lapse_binary,,1.0,0,0,0,0,0,0
133,shadow-riemann_tangent_logreg,shadow,riemann_tangent_logreg,attention_lapse_binary,,0.05464901590227295,0,0,0,0,0,0
133,shadow-foundation_head_logreg,shadow,foundation_head_logreg,attention_lapse_binary,,0.0,0,0,0,0,0,0
133,shadow-foundation_prototype,shadow,foundation_prototype,attention_lapse_binary,,0.46010278846080827,0,0,0,0,0,0
133,shadow-torch_eegnet,shadow,torch_eegnet,attention_lapse_binary,,0.5298795564638287,0,0,0,0,0,0
134,primary,primary,causal_bandpower_logreg,attention_lapse_binary,,1.0,1,0,0,0,0,0
134,shadow-riemann_tangent_logreg,shadow,riemann_tangent_logreg,attention_lapse_binary,,0.1768457604301018,1,0,0,0,0,0
134,shadow-foundation_head_logreg,shadow,foundation_head_logreg,attention_lapse_binary,,0.0,1,0,0,0,0,0
134,shadow-foundation_prototype,shadow,foundation_prototype,attention_lapse_binary,,0.460101829896092,1,0,0,0,0,0
134,shadow-torch_eegnet,shadow,torch_eegnet,attention_lapse_binary,,0.5395073432758873,1,0,0,0,0,0
135,primary,primary,causal_bandpower_logreg,attention_lapse_binary,,1.0,0,0,0,0,0,0
135,shadow-riemann_tangent_logreg,shadow,riemann_tangent_logreg,attention_lapse_binary,,0.0987147482357547,0,0,0,0,0,0
135,shadow-foundation_head_logreg,shadow,foundation_head_logreg,attention_lapse_binary,,0.0,0,0,0,0,0,0
135,shadow-foundation_prototype,shadow,foundation_prototype,attention_lapse_binary,,0.4601019892013261,0,0,0,0,0,0
135,shadow-torch_eegnet,shadow,torch_eegnet,attention_lapse_binary,,0.48163111464157815,0,0,0,0,0,0
136,primary,primary,causal_bandpower_logreg,attention_lapse_binary,,1.0,0,0,0,0,0,0
136,shadow-riemann_tangent_logreg,shadow,riemann_tangent_logreg,attention_lapse_binary,,0.12755549652348408,0,0,0,0,0,0
136,shadow-foundation_head_logreg,shadow,foundation_head_logreg,attention_lapse_binary,,0.0,0,0,0,0,0,0
136,shadow-foundation_prototype,shadow,foundation_prototype,attention_lapse_binary,,0.4601024977433304,0,0,0,0,0,0
136,shadow-torch_eegnet,shadow,torch_eegnet,attention_lapse_binary,,0.46079616207596535,0,0,0,0,0,0
137,primary,primary,causal_bandpower_logreg,attention_lapse_binary,,1.0800355176719298e-248,0,1,1,0,0,1
137,shadow-riemann_tangent_logreg,shadow,riemann_tangent_logreg,attention_lapse_binary,,0.3171927239228686,0,1,1,0,0,1
137,shadow-foundation_head_logreg,shadow,foundation_head_logreg,attention_lapse_binary,,0.0,0,1,1,0,0,1
137,shadow-foundation_prototype,shadow,foundation_prototype,attention_lapse_binary,,0.4601028743129171,0,1,1,0,0,1
137,shadow-torch_eegnet,shadow,torch_eegnet,attention_lapse_binary,,0.49505694855161786,0,1,1,0,0,1
138,primary,primary,causal_bandpower_logreg,attention_lapse_binary,,1.0,0,1,1,0,0,1
138,shadow-riemann_tangent_logreg,shadow,riemann_tangent_logreg,attention_lapse_binary,,0.08439275699937997,0,1,1,0,0,1
138,shadow-foundation_head_logreg,shadow,foundation_head_logreg,attention_lapse_binary,,0.0,0,1,1,0,0,1
138,shadow-foundation_prototype,shadow,foundation_prototype,attention_lapse_binary,,0.4601031177512944,0,1,1,0,0,1
138,shadow-torch_eegnet,shadow,torch_eegnet,attention_lapse_binary,,0.5133037646674105,0,1,1,0,0,1
139,primary,primary,causal_bandpower_logreg,attention_lapse_binary,,1.0,0,1,1,0,0,1
139,shadow-riemann_tangent_logreg,shadow,riemann_tangent_logreg,attention_lapse_binary,,0.02664159248985282,0,1,1,0,0,1
139,shadow-foundation_head_logreg,shadow,foundation_head_logreg,attention_lapse_binary,,0.0,0,1,1,0,0,1
139,shadow-foundation_prototype,shadow,foundation_prototype,attention_lapse_binary,,0.4601023491801754,0,1,1,0,0,1
139,shadow-torch_eegnet,shadow,torch_eegnet,attention_lapse_binary,,0.5065949338571307,0,1,1,0,0,1
140,primary,primary,causal_bandpower_logreg,attention_lapse_binary,,1.0567903419542782e-215,0,0,0,0,0,0
140,shadow-riemann_tangent_logreg,shadow,riemann_tangent_logreg,attention_lapse_binary,,0.07329182488350987,0,0,0,0,0,0
140,shadow-foundation_head_logreg,shadow,foundation_head_logreg,attention_lapse_binary,,0.0,0,0,0,0,0,0
140,shadow-foundation_prototype,shadow,foundation_prototype,attention_lapse_binary,,0.46010219309309924,0,0,0,0,0,0
140,shadow-torch_eegnet,shadow,torch_eegnet,attention_lapse_binary,,0.5175478322527964,0,0,0,0,0,0
141,primary,primary,causal_bandpower_logreg,attention_lapse_binary,,2.8256691465368552e-151,0,0,0,0,0,0
141,shadow-riemann_tangent_logreg,shadow,riemann_tangent_logreg,attention_lapse_binary,,0.17542623141362973,0,0,0,0,0,0
141,shadow-foundation_head_logreg,shadow,foundation_head_logreg,attention_lapse_binary,,0.0,0,0,0,0,0,0
141,shadow-foundation_prototype,shadow,foundation_prototype,attention_lapse_binary,,0.46010232725727623,0,0,0,0,0,0
141,shadow-torch_eegnet,shadow,torch_eegnet,attention_lapse_binary,,0.5048425080416595,0,0,0,0,0,0
142,primary,primary,causal_bandpower_logreg,attention_lapse_binary,,3.1678338210595277e-19,1,0,0,0,0,0
142,shadow-riemann_tangent_logreg,shadow,riemann_tangent_logreg,attention_lapse_binary,,0.22692102881604223,1,0,0,0,0,0
142,shadow-foundation_head_logreg,shadow,foundation_head_logreg,attention_lapse_binary,,0.0,1,0,0,0,0,0
142,shadow-foundation_prototype,shadow,foundation_prototype,attention_lapse_binary,,0.4601043416418246,1,0,0,0,0,0
142,shadow-torch_eegnet,shadow,torch_eegnet,attention_lapse_binary,,0.5102632002977422,1,0,0,0,0,0
143,primary,primary,causal_bandpower_logreg,attention_lapse_binary,,2.6572250875441762e-17,0,0,0,0,0,0
143,shadow-riemann_tangent_logreg,shadow,riemann_tangent_logreg,attention_lapse_binary,,0.018708149061074913,0,0,0,0,0,0
143,shadow-foundation_head_logreg,shadow,foundation_head_logreg,attention_lapse_binary,,0.0,0,0,0,0,0,0
143,shadow-foundation_prototype,shadow,foundation_prototype,attention_lapse_binary,,0.46010301777503304,0,0,0,0,0,0
143,shadow-torch_eegnet,shadow,torch_eegnet,attention_lapse_binary,,0.4984782906665552,0,0,0,0,0,0
144,primary,primary,causal_bandpower_logreg,attention_lapse_binary,,4.418327035254365e-58,1,0,0,0,1,1
144,shadow-riemann_tangent_logreg,shadow,riemann_tangent_logreg,attention_lapse_binary,,0.5427501240525843,1,0,0,0,1,1
144,shadow-foundation_head_logreg,shadow,foundation_head_logreg,attention_lapse_binary,,0.0,1,0,0,0,1,1
144,shadow-foundation_prototype,shadow,foundation_prototype,attention_lapse_binary,,0.4601027646681354,1,0,0,0,1,1
144,shadow-torch_eegnet,shadow,torch_eegnet,attention_lapse_binary,,0.5068701465742272,1,0,0,0,1,1
145,primary,primary,causal_bandpower_logreg,attention_lapse_binary,,0.0,0,0,0,0,0,0
145,shadow-riemann_tangent_logreg,shadow,riemann_tangent_logreg,attention_lapse_binary,,0.1732696624674436,0,0,0,0,0,0
145,shadow-foundation_head_logreg,shadow,foundation_head_logreg,attention_lapse_binary,,0.0,0,0,0,0,0,0
145,shadow-foundation_prototype,shadow,foundation_prototype,attention_lapse_binary,,0.4601018819439785,0,0,0,0,0,0
145,shadow-torch_eegnet,shadow,torch_eegnet,attention_lapse_binary,,0.5156255540278777,0,0,0,0,0,0
146,primary,primary,causal_bandpower_logreg,attention_lapse_binary,,1.0,0,0,0,0,0,0
146,shadow-riemann_tangent_logreg,shadow,riemann_tangent_logreg,attention_lapse_binary,,0.25510638705839916,0,0,0,0,0,0
146,shadow-foundation_head_logreg,shadow,foundation_head_logreg,attention_lapse_binary,,0.0,0,0,0,0,0,0
146,shadow-foundation_prototype,shadow,foundation_prototype,attention_lapse_binary,,0.4601023708631964,0,0,0,0,0,0
146,shadow-torch_eegnet,shadow,torch_eegnet,attention_lapse_binary,,0.4980658929405677,0,0,0,0,0,0
147,primary,primary,causal_bandpower_logreg,attention_lapse_binary,,7.97046182593164e-286,0,0,0,0,0,0
147,shadow-riemann_tangent_logreg,shadow,riemann_tangent_logreg,attention_lapse_binary,,0.2937733611107769,0,0,0,0,0,0
147,shadow-foundation_head_logreg,shadow,foundation_head_logreg,attention_lapse_binary,,0.0,0,0,0,0,0,0
147,shadow-foundation_prototype,shadow,foundation_prototype,attention_lapse_binary,,0.46010289170280816,0,0,0,0,0,0
147,shadow-torch_eegnet,shadow,torch_eegnet,attention_lapse_binary,,0.4817033308985318,0,0,0,0,0,0
148,primary,primary,causal_bandpower_logreg,attention_lapse_binary,,0.0,0,0,0,0,0,0
148,shadow-riemann_tangent_logreg,shadow,riemann_tangent_logreg,attention_lapse_binary,,0.15206523953273998,0,0,0,0,0,0
148,shadow-foundation_head_logreg,shadow,foundation_head_logreg,attention_lapse_binary,,0.0,0,0,0,0,0,0
148,shadow-foundation_prototype,shadow,foundation_prototype,attention_lapse_binary,,0.4601022061759994,0,0,0,0,0,0
148,shadow-torch_eegnet,shadow,torch_eegnet,attention_lapse_binary,,0.4643660278003541,0,0,0,0,0,0
149,primary,primary,causal_bandpower_logreg,attention_lapse_binary,,7.448426800316421e-115,0,0,0,0,0,0
149,shadow-riemann_tangent_logreg,shadow,riemann_tangent_logreg,attention_lapse_binary,,0.19858430512918737,0,0,0,0,0,0
149,shadow-foundation_head_logreg,shadow,foundation_head_logreg,attention_lapse_binary,,0.0,0,0,0,0,0,0
149,shadow-foundation_prototype,shadow,foundation_prototype,attention_lapse_binary,,0.4601022970580514,0,0,0,0,0,0
149,shadow-torch_eegnet,shadow,torch_eegnet,attention_lapse_binary,,0.4945277177035325,0,0,0,0,0,0
150,primary,primary,causal_bandpower_logreg,attention_lapse_binary,,1.0,0,0,0,0,0,0
150,shadow-riemann_tangent_logreg,shadow,riemann_tangent_logreg,attention_lapse_binary,,0.053918196170622566,0,0,0,0,0,0
150,shadow-foundation_head_logreg,shadow,foundation_head_logreg,attention_lapse_binary,,0.0,0,0,0,0,0,0
150,shadow-foundation_prototype,shadow,foundation_prototype,attention_lapse_binary,,0.46010303455037843,0,0,0,0,0,0
150,shadow-torch_eegnet,shadow,torch_eegnet,attention_lapse_binary,,0.5078379577363958,0,0,0,0,0,0
151,primary,primary,causal_bandpower_logreg,attention_lapse_binary,,0.0,0,1,1,0,0,1
151,shadow-riemann_tangent_logreg,shadow,riemann_tangent_logreg,attention_lapse_binary,,0.0373622576989994,0,1,1,0,0,1
151,shadow-foundation_head_logreg,shadow,foundation_head_logreg,attention_lapse_binary,,0.0,0,1,1,0,0,1
151,shadow-foundation_prototype,shadow,foundation_prototype,attention_lapse_binary,,0.4601036499390648,0,1,1,0,0,1
151,shadow-torch_eegnet,shadow,torch_eegnet,attention_lapse_binary,,0.49699367433840597,0,1,1,0,0,1
152,primary,primary,causal_bandpower_logreg,attention_lapse_binary,,1.5944515796108734e-113,0,0,0,0,0,0
152,shadow-riemann_tangent_logreg,shadow,riemann_tangent_logreg,attention_lapse_binary,,0.17481696995725296,0,0,0,0,0,0
152,shadow-foundation_head_logreg,shadow,foundation_head_logreg,attention_lapse_binary,,0.0,0,0,0,0,0,0
152,shadow-foundation_prototype,shadow,foundation_prototype,attention_lapse_binary,,0.460103456739761,0,0,0,0,0,0
152,shadow-torch_eegnet,shadow,torch_eegnet,attention_lapse_binary,,0.510244076649559,0,0,0,0,0,0
153,primary,primary,causal_bandpower_logreg,attention_lapse_binary,,9.178886868017903e-188,0,0,0,0,0,0
153,shadow-riemann_tangent_logreg,shadow,riemann_tangent_logreg,attention_lapse_binary,,0.03368663015685719,0,0,0,0,0,0
153,shadow-foundation_head_logreg,shadow,foundation_head_logreg,attention_lapse_binary,,0.0,0,0,0,0,0,0
153,shadow-foundation_prototype,shadow,foundation_prototype,attention_lapse_binary,,0.4601029456792073,0,0,0,0,0,0
153,shadow-torch_eegnet,shadow,torch_eegnet,attention_lapse_binary,,0.5010740805659566,0,0,0,0,0,0
154,primary,primary,causal_bandpower_logreg,attention_lapse_binary,,1.0,0,1,1,0,0,1
154,shadow-riemann_tangent_logreg,shadow,riemann_tangent_logreg,attention_lapse_binary,,0.206692029185691,0,1,1,0,0,1
154,shadow-foundation_head_logreg,shadow,foundation_head_logreg,attention_lapse_binary,,0.0,0,1,1,0,0,1
154,shadow-foundation_prototype,shadow,foundation_prototype,attention_lapse_binary,,0.46010250067737113,0,1,1,0,0,1
154,shadow-torch_eegnet,shadow,torch_eegnet,attention_lapse_binary,,0.5217789353894036,0,1,1,0,0,1
155,primary,primary,causal_bandpower_logreg,attention_lapse_binary,,0.0,0,0,0,0,0,0
155,shadow-riemann_tangent_logreg,shadow,riemann_tangent_logreg,attention_lapse_binary,,0.14046287985443842,0,0,0,0,0,0
155,shadow-foundation_head_logreg,shadow,foundation_head_logreg,attention_lapse_binary,,0.0,0,0,0,0,0,0
155,shadow-foundation_prototype,shadow,foundation_prototype,attention_lapse_binary,,0.4601021149284027,0,0,0,0,0,0
155,shadow-torch_eegnet,shadow,torch_eegnet,attention_lapse_binary,,0.5500238645827803,0,0,0,0,0,0
156,primary,primary,causal_bandpower_logreg,attention_lapse_binary,,1.0,0,0,0,0,0,0
156,shadow-riemann_tangent_logreg,shadow,riemann_tangent_logreg,attention_lapse_binary,,0.06300170543871042,0,0,0,0,0,0
156,shadow-foundation_head_logreg,shadow,foundation_head_logreg,attention_lapse_binary,,0.0,0,0,0,0,0,0
156,shadow-foundation_prototype,shadow,foundation_prototype,attention_lapse_binary,,0.4601021280792232,0,0,0,0,0,0
156,shadow-torch_eegnet,shadow,torch_eegnet,attention_lapse_binary,,0.4952755449145793,0,0,0,0,0,0
157,primary,primary,causal_bandpower_logreg,attention_lapse_binary,,0.0,0,0,0,0,0,0
157,shadow-riemann_tangent_logreg,shadow,riemann_tangent_logreg,attention_lapse_binary,,0.09435625829379168,0,0,0,0,0,0
157,shadow-foundation_head_logreg,shadow,foundation_head_logreg,attention_lapse_binary,,0.0,0,0,0,0,0,0
157,shadow-foundation_prototype,shadow,foundation_prototype,attention_lapse_binary,,0.460102077241141,0,0,0,0,0,0
157,shadow-torch_eegnet,shadow,torch_eegnet,attention_lapse_binary,,0.4673538922046085,0,0,0,0,0,0
158,primary,primary,causal_bandpower_logreg,attention_lapse_binary,,1.0,1,0,0,0,1,1
158,shadow-riemann_tangent_logreg,shadow,riemann_tangent_logreg,attention_lapse_binary,,0.3427695254796603,1,0,0,0,1,1
158,shadow-foundation_head_logreg,shadow,foundation_head_logreg,attention_lapse_binary,,0.0,1,0,0,0,1,1
158,shadow-foundation_prototype,shadow,foundation_prototype,attention_lapse_binary,,0.4601023446959368,1,0,0,0,1,1
158,shadow-torch_eegnet,shadow,torch_eegnet,attention_lapse_binary,,0.47630394480555127,1,0,0,0,1,1
159,primary,primary,causal_bandpower_logreg,attention_lapse_binary,,0.0,0,0,0,0,0,0
159,shadow-riemann_tangent_logreg,shadow,riemann_tangent_logreg,attention_lapse_binary,,0.29878227521870904,0,0,0,0,0,0
159,shadow-foundation_head_logreg,shadow,foundation_head_logreg,attention_lapse_binary,,0.0,0,0,0,0,0,0
159,shadow-foundation_prototype,shadow,foundation_prototype,attention_lapse_binary,,0.4601026924624825,0,0,0,0,0,0
159,shadow-torch_eegnet,shadow,torch_eegnet,attention_lapse_binary,,0.5073616632766076,0,0,0,0,0,0
160,primary,primary,causal_bandpower_logreg,attention_lapse_binary,,1.0,0,0,0,0,0,0
160,shadow-riemann_tangent_logreg,shadow,riemann_tangent_logreg,attention_lapse_binary,,0.10338319290101097,0,0,0,0,0,0
160,shadow-foundation_head_logreg,shadow,foundation_head_logreg,attention_lapse_binary,,0.0,0,0,0,0,0,0
160,shadow-foundation_prototype,shadow,foundation_prototype,attention_lapse_binary,,0.4601026671107621,0,0,0,0,0,0
160,shadow-torch_eegnet,shadow,torch_eegnet,attention_lapse_binary,,0.501572874774339,0,0,0,0,0,0
