global_trial_index,phase,is_practice,stimulus_onset_monotonic,stimulus_onset_lsl,scheduled_response_window_close_monotonic,scheduled_response_window_close_lsl,response_window_close_monotonic,response_window_close_lsl,response_window_close_overshoot_seconds,scheduled_next_trial_onset_monotonic,actual_next_trial_onset_monotonic,actual_next_trial_onset_lsl,actual_trial_duration_seconds,actual_trial_duration_lsl_seconds,next_onset_schedule_drift_seconds,planned_break_after_trial,probe_after,timing_semantics_version,timing_finalization_status
-1,practice,1,1399169.203,1399169.391748,1399170.803,1399170.991748,1399170.812,1399171.0111978,0.008999999845400453,1399170.803,1399171.218,1399171.411488,2.015000000130385,2.019740000134334,0.4150000000372529,0,,2,measured_from_next_stimulus_flip
-2,practice,1,1399171.218,1399171.411488,1399172.8180000002,1399173.0114880002,1399172.812,1399173.0093496,0.0,1399172.8180000002,1399173.218,1399173.4092414,2.0,1.9977533998899162,0.39999999990686774,0,,2,measured_from_next_stimulus_flip
-3,practice,1,1399173.218,1399173.4092414,1399174.8180000002,1399175.0092414,1399174.812,1399175.0093661,0.0,1399174.8180000002,1399175.218,1399175.406548,2.0,1.9973065999802202,0.39999999990686774,0,,2,measured_from_next_stimulus_flip
-4,practice,1,1399175.218,1399175.406548,1399176.8180000002,1399177.006548,1399176.812,1399177.0101568,0.0,1399176.8180000002,1399177.218,1399177.4151201,2.0,2.008572099963203,0.39999999990686774,0,,2,measured_from_next_stimulus_flip
-5,practice,1,1399177.218,1399177.4151201,1399178.8180000002,1399179.0151201,1399178.812,1399179.0093386,0.0,1399178.8180000002,1399179.218,1399179.4149126,2.0,1.9997925001662225,0.39999999990686774,0,,2,measured_from_next_stimulus_flip
-6,practice,1,1399179.218,1399179.4149126,1399180.8180000002,1399181.0149126002,1399180.812,1399181.0098091,0.0,1399180.8180000002,1399181.218,1399181.4090755,2.0,1.9941628999076784,0.39999999990686774,0,,2,measured_from_next_stimulus_flip
-7,practice,1,1399181.218,1399181.4090755,1399182.8180000002,1399183.0090755,1399182.812,1399183.0065717,0.0,1399182.8180000002,1399183.203,1399183.3982558,1.9849999998696148,1.9891802999190986,0.3849999997764826,0,,2,measured_from_next_stimulus_flip
-8,practice,1,1399183.203,1399183.3982558,1399184.803,1399184.9982558,1399184.812,1399185.0087879,0.008999999845400453,1399184.803,1399185.203,1399185.399083,2.0,2.0008272000122815,0.39999999990686774,0,,2,measured_from_next_stimulus_flip
-9,practice,1,1399185.203,1399185.399083,1399186.803,1399186.999083,1399186.812,1399187.0089318,0.008999999845400453,1399186.803,1399187.203,1399187.3985339,2.0,1.9994509001262486,0.39999999990686774,0,,2,measured_from_next_stimulus_flip
-10,practice,1,1399187.203,1399187.3985339,1399188.803,1399188.9985339001,1399188.812,1399189.0094862,0.008999999845400453,1399188.803,1399189.218,1399189.4151428,2.015000000130385,2.016608899924904,0.4150000000372529,0,,2,measured_from_next_stimulus_flip
-11,practice,1,1399189.218,1399189.4151428,1399190.8180000002,1399191.0151428,1399190.812,1399191.0063696,0.0,1399190.8180000002,1399191.203,1399191.3898903,1.9849999998696148,1.9747475001495332,0.3849999997764826,0,,2,measured_from_next_stimulus_flip
-12,practice,1,1399191.203,1399191.3898903,1399192.803,1399192.9898903002,1399192.812,1399193.0094712,0.008999999845400453,1399192.803,1399193.203,1399193.3902005,2.0,2.0003101998008788,0.39999999990686774,0,,2,measured_from_next_stimulus_flip
-13,practice,1,1399193.203,1399193.3902005,1399194.803,1399194.9902005,1399194.812,1399195.0092509,0.008999999845400453,1399194.803,1399195.218,1399195.4099414,2.015000000130385,2.0197409000247717,0.4150000000372529,0,,2,measured_from_next_stimulus_flip
-14,practice,1,1399195.218,1399195.4099414,1399196.8180000002,1399197.0099414,1399196.812,1399197.0103344,0.0,1399196.8180000002,1399197.218,1399197.4117663,2.0,2.0018249000422657,0.39999999990686774,0,,2,measured_from_next_stimulus_flip
-15,practice,1,1399197.218,1399197.4117663,1399198.8180000002,1399199.0117663,1399198.812,1399199.0068255,0.0,1399198.8180000002,1399199.203,1399199.3912644,1.9849999998696148,1.979498100001365,0.3849999997764826,0,,2,measured_from_next_stimulus_flip
-16,practice,1,1399199.203,1399199.3912644,1399200.803,1399200.9912644,1399200.812,1399201.0111954,0.008999999845400453,1399200.803,1399201.234,1399201.4201185,2.030999999959022,2.028854100033641,0.43099999986588955,0,,2,measured_from_next_stimulus_flip
-17,practice,1,1399201.234,1399201.4201185,1399202.834,1399203.0201185,1399202.828,1399203.0233784,0.0,1399202.834,1399203.218,1399203.41023,1.9840000001713634,1.9901115000247955,0.3840000000782311,0,,2,measured_from_next_stimulus_flip
-18,practice,1,1399203.218,1399203.41023,1399204.8180000002,1399205.0102300001,1399204.812,1399205.0099193,0.0,1399204.8180000002,1399205.203,1399205.3903798,1.9849999998696148,1.9801497999578714,0.3849999997764826,0,,2,measured_from_next_stimulus_flip
-19,practice,1,1399205.203,1399205.3903798,1399206.803,1399206.9903798,1399206.812,1399207.0102298,0.008999999845400453,1399206.803,1399207.218,1399207.4099645,2.015000000130385,2.019584699999541,0.4150000000372529,0,,2,measured_from_next_stimulus_flip
-20,practice,1,1399207.218,1399207.4099645,1399208.8180000002,1399209.0099645,1399208.812,1399209.0094134,0.0,1399208.8180000002,1399209.218,1399209.4092894,2.0,1.999324900098145,0.39999999990686774,0,,2,measured_from_next_stimulus_flip
-21,practice,1,1399209.218,1399209.4092894,1399210.8180000002,1399211.0092894002,1399210.812,1399211.0063274,0.0,1399210.8180000002,1399211.203,1399211.3902657,1.9849999998696148,1.9809762998484075,0.3849999997764826,0,,2,measured_from_next_stimulus_flip
-22,practice,1,1399211.203,1399211.3902657,1399212.803,1399212.9902657,1399212.812,1399213.0099937,0.008999999845400453,1399212.803,1399213.218,1399213.4175227,2.015000000130385,2.0272570000961423,0.4150000000372529,0,,2,measured_from_next_stimulus_flip
-23,practice,1,1399213.218,1399213.4175227,1399214.8180000002,1399215.0175227001,1399214.812,1399215.0070785,0.0,1399214.8180000002,1399215.203,1399215.390532,1.9849999998696148,1.9730092999525368,0.3849999997764826,0,,2,measured_from_next_stimulus_flip
-24,practice,1,1399215.203,1399215.390532,1399216.803,1399216.990532,1399216.812,1399217.0094539,0.008999999845400453,1399216.803,1399217.218,1399217.4149587,2.015000000130385,2.0244267000816762,0.4150000000372529,0,,2,measured_from_next_stimulus_flip
-25,practice,1,1399217.218,1399217.4149587,1399218.8180000002,1399219.0149587002,1399218.812,1399219.0064011,0.0,1399218.8180000002,1399219.203,1399219.3910869,1.9849999998696148,1.9761281998362392,0.3849999997764826,0,,2,measured_from_next_stimulus_flip
-26,practice,1,1399219.203,1399219.3910869,1399220.803,1399220.9910869,1399220.812,1399221.0093858,0.008999999845400453,1399220.803,1399221.218,1399221.4149119,2.015000000130385,2.023825000040233,0.4150000000372529,0,,2,measured_from_next_stimulus_flip
-27,practice,1,1399221.218,1399221.4149119,1399222.8180000002,1399223.0149119,1399222.812,1399223.009971,0.0,1399222.8180000002,1399223.234,1399223.4199297,2.0159999998286366,2.0050178000237793,0.4159999997355044,0,,2,measured_from_next_stimulus_flip
-28,practice,1,1399223.234,1399223.4199297,1399224.834,1399225.0199297,1399224.828,1399225.0231435,0.0,1399224.834,1399225.218,1399225.410473,1.9840000001713634,1.9905433000531048,0.3840000000782311,0,,2,measured_from_next_stimulus_flip
-29,practice,1,1399225.218,1399225.410473,1399226.8180000002,1399227.0104730001,1399226.812,1399227.0088669,0.0,1399226.8180000002,1399227.218,1399227.4096409,2.0,1.9991679000668228,0.39999999990686774,0,,2,measured_from_next_stimulus_flip
-30,practice,1,1399227.218,1399227.4096409,1399228.8180000002,1399229.0096409002,1399228.812,1399229.0094825,0.0,1399228.8180000002,1399234.734,1399234.9263408,7.515999999828637,7.516699899919331,5.915999999735504,0,,2,measured_from_next_stimulus_flip
-31,practice,1,1399234.734,1399234.9263408,1399236.334,1399236.5263408,1399236.328,1399236.5244104,0.0,1399236.334,1399236.734,1399236.9260816,2.0,1.9997407998889685,0.39999999990686774,0,,2,measured_from_next_stimulus_flip
-32,practice,1,1399236.734,1399236.9260816,1399238.334,1399238.5260816,1399238.328,1399238.5262689,0.0,1399238.334,1399238.718,1399238.9149291,1.9840000001713634,1.988847500178963,0.3840000000782311,0,,2,measured_from_next_stimulus_flip
-33,practice,1,1399238.718,1399238.9149291,1399240.3180000002,1399240.5149291002,1399240.312,1399240.5066307,0.0,1399240.3180000002,1399240.703,1399240.8981551,1.9849999998696148,1.983225999865681,0.3849999997764826,0,,2,measured_from_next_stimulus_flip
-34,practice,1,1399240.703,1399240.8981551,1399242.303,1399242.4981551,1399242.312,1399242.5064896,0.008999999845400453,1399242.303,1399242.703,1399242.8937367,2.0,1.9955816001165658,0.39999999990686774,0,,2,measured_from_next_stimulus_flip
-35,practice,1,1399242.703,1399242.8937367,1399244.303,1399244.4937367002,1399244.312,1399244.5070178,0.008999999845400453,1399244.303,1399244.703,1399244.8982075,2.0,2.004470800049603,0.39999999990686774,0,,2,measured_from_next_stimulus_flip
-36,practice,1,1399244.703,1399244.8982075,1399246.303,1399246.4982075002,1399246.312,1399246.5067701,0.008999999845400453,1399246.303,1399246.703,1399246.8980784,2.0,1.9998708998318762,0.39999999990686774,0,,2,measured_from_next_stimulus_flip
-37,practice,1,1399246.703,1399246.8980784,1399248.303,1399248.4980784,1399248.312,1399248.5063068,0.008999999845400453,1399248.303,1399248.703,1399248.8899997,2.0,1.9919213000684977,0.39999999990686774,0,,2,measured_from_next_stimulus_flip
-38,practice,1,1399248.703,1399248.8899997,1399250.303,1399250.4899997,1399250.312,1399250.506537,0.008999999845400453,1399250.303,1399250.703,1399250.8983787,2.0,2.0083790000062436,0.39999999990686774,0,,2,measured_from_next_stimulus_flip
-39,practice,1,1399250.703,1399250.8983787,1399252.303,1399252.4983787,1399252.312,1399252.5065433,0.008999999845400453,1399252.303,1399252.734,1399252.9200343,2.030999999959022,2.021655600052327,0.43099999986588955,0,,2,measured_from_next_stimulus_flip
-40,practice,1,1399252.734,1399252.9200343,1399254.334,1399254.5200343002,1399254.328,1399254.5280743,0.0,1399254.334,1399254.734,1399254.930322,2.0,2.010287699988112,0.39999999990686774,0,,2,measured_from_next_stimulus_flip
-41,practice,1,1399254.734,1399254.930322,1399256.334,1399256.5303220002,1399256.328,1399256.5279648,0.0,1399256.334,1399256.734,1399256.9320348,2.0,2.001712800003588,0.39999999990686774,0,,2,measured_from_next_stimulus_flip
-42,practice,1,1399256.734,1399256.9320348,1399258.334,1399258.5320348002,1399258.328,1399258.5243277,0.0,1399258.334,1399258.718,1399258.907244,1.9840000001713634,1.9752091998234391,0.3840000000782311,0,,2,measured_from_next_stimulus_flip
-43,practice,1,1399258.718,1399258.907244,1399260.3180000002,1399260.507244,1399260.312,1399260.506972,0.0,1399260.3180000002,1399260.703,1399260.8980466,1.9849999998696148,1.9908026000484824,0.3849999997764826,0,,2,measured_from_next_stimulus_flip
-44,practice,1,1399260.703,1399260.8980466,1399262.303,1399262.4980466,1399262.312,1399262.5069127,0.008999999845400453,1399262.303,1399262.703,1399262.8905251,2.0,1.9924785001203418,0.39999999990686774,0,,2,measured_from_next_stimulus_flip
-45,practice,1,1399262.703,1399262.8905251,1399264.303,1399264.4905251001,1399264.312,1399264.5074094,0.008999999845400453,1399264.303,1399264.703,1399264.8984547,2.0,2.0079295998439193,0.39999999990686774,0,,2,measured_from_next_stimulus_flip
-46,practice,1,1399264.703,1399264.8984547,1399266.303,1399266.4984547,1399266.312,1399266.5067973,0.008999999845400453,1399266.303,1399266.718,1399266.9070057,2.015000000130385,2.0085510001517832,0.4150000000372529,0,,2,measured_from_next_stimulus_flip
-47,practice,1,1399266.718,1399266.9070057,1399268.3180000002,1399268.5070057001,1399268.312,1399268.5069691,0.0,1399268.3180000002,1399268.703,1399268.8986018,1.9849999998696148,1.9915960999205709,0.3849999997764826,0,,2,measured_from_next_stimulus_flip
-48,practice,1,1399268.703,1399268.8986018,1399270.303,1399270.4986018,1399270.312,1399270.5069021,0.008999999845400453,1399270.303,1399270.703,1399270.8948918,2.0,1.9962899999227375,0.39999999990686774,0,,2,measured_from_next_stimulus_flip
-49,practice,1,1399270.703,1399270.8948918,1399272.303,1399272.4948918,1399272.312,1399272.5065355,0.008999999845400453,1399272.303,1399272.703,1399272.8936032,2.0,1.9987114001996815,0.39999999990686774,0,,2,measured_from_next_stimulus_flip
-50,practice,1,1399272.703,1399272.8936032,1399274.303,1399274.4936032002,1399274.312,1399274.5063306,0.008999999845400453,1399274.303,1399274.703,1399274.8980179,2.0,2.004414699971676,0.39999999990686774,0,,2,measured_from_next_stimulus_flip
-51,practice,1,1399274.703,1399274.8980179,1399276.303,1399276.4980179002,1399276.312,1399276.5075334,0.008999999845400453,1399276.303,1399276.718,1399276.9069436,2.015000000130385,2.00892569986172,0.4150000000372529,0,,2,measured_from_next_stimulus_flip
-52,practice,1,1399276.718,1399276.9069436,1399278.3180000002,1399278.5069436,1399278.312,1399278.5068388,0.0,1399278.3180000002,1399278.703,1399278.8985396,1.9849999998696148,1.9915960000362247,0.3849999997764826,0,,2,measured_from_next_stimulus_flip
-53,practice,1,1399278.703,1399278.8985396,1399280.303,1399280.4985396,1399280.312,1399280.508159,0.008999999845400453,1399280.303,1399280.718,1399280.9080556,2.015000000130385,2.0095160000491887,0.4150000000372529,0,,2,measured_from_next_stimulus_flip
-54,practice,1,1399280.718,1399280.9080556,1399282.3180000002,1399282.5080556,1399282.312,1399282.5064039,0.0,1399282.3180000002,1399282.703,1399282.8929706,1.9849999998696148,1.9849149999208748,0.3849999997764826,0,,2,measured_from_next_stimulus_flip
-55,practice,1,1399282.703,1399282.8929706,1399284.303,1399284.4929706,1399284.312,1399284.5065761,0.008999999845400453,1399284.303,1399284.703,1399284.89395,2.0,2.000979400007054,0.39999999990686774,0,,2,measured_from_next_stimulus_flip
-56,practice,1,1399284.703,1399284.89395,1399286.303,1399286.49395,1399286.312,1399286.5090772,0.008999999845400453,1399286.303,1399286.718,1399286.9063787,2.015000000130385,2.012428699992597,0.4150000000372529,0,,2,measured_from_next_stimulus_flip
-57,practice,1,1399286.718,1399286.9063787,1399288.3180000002,1399288.5063787,1399288.312,1399288.5066135,0.0,1399288.3180000002,1399288.703,1399288.8910461,1.9849999998696148,1.984667400131002,0.3849999997764826,0,,2,measured_from_next_stimulus_flip
-58,practice,1,1399288.703,1399288.8910461,1399290.303,1399290.4910461002,1399290.312,1399290.5066922,0.008999999845400453,1399290.303,1399290.703,1399290.8978586,2.0,2.0068124998360872,0.39999999990686774,0,,2,measured_from_next_stimulus_flip
-59,practice,1,1399290.703,1399290.8978586,1399292.303,1399292.4978586,1399292.312,1399292.5063699,0.008999999845400453,1399292.303,1399292.703,1399292.8979354,2.0,2.000076800119132,0.39999999990686774,0,,2,measured_from_next_stimulus_flip
-60,practice,1,1399292.703,1399292.8979354,1399294.303,1399294.4979354,1399294.312,1399294.5063667,0.008999999845400453,1399294.303,1399300.921,1399301.107877,8.218000000109896,8.209941599983722,6.618000000016764,0,,2,measured_from_next_stimulus_flip
1,support,0,1399300.921,1399301.107877,1399302.5210000002,1399302.707877,1399302.515,1399302.706837,0.0,1399302.5210000002,1399302.515,1399302.706879,1.5939999998081475,1.5990019999444485,-0.006000000284984708,0,0,2,measured_from_next_stimulus_flip
2,support,0,1399302.515,1399302.706879,1399304.115,1399304.306879,1399304.109,1399304.3065129,0.0,1399304.115,1399304.109,1399304.3065581,1.5940000000409782,1.599679100094363,-0.006000000052154064,0,0,2,measured_from_next_stimulus_flip
3,support,0,1399304.109,1399304.3065581,1399305.709,1399305.9065581001,1399305.703,1399305.8979565,0.0,1399305.709,1399305.703,1399305.897996,1.5940000000409782,1.5914378999732435,-0.006000000052154064,0,0,2,measured_from_next_stimulus_flip
4,support,0,1399305.703,1399305.897996,1399307.303,1399307.497996,1399307.312,1399307.5063065,0.008999999845400453,1399307.303,1399307.312,1399307.5063533,1.6089999999385327,1.6083573000505567,0.008999999845400453,0,0,2,measured_from_next_stimulus_flip
5,support,0,1399307.312,1399307.5063533,1399308.912,1399309.1063533002,1399308.906,1399309.098128,0.0,1399308.912,1399308.906,1399309.0981661,1.5940000000409782,1.591812799917534,-0.006000000052154064,0,0,2,measured_from_next_stimulus_flip
6,support,0,1399308.906,1399309.0981661,1399310.506,1399310.6981661,1399310.5,1399310.6907132,0.0,1399310.506,1399310.5,1399310.6907554,1.5940000000409782,1.5925893001258373,-0.006000000052154064,0,0,2,measured_from_next_stimulus_flip
7,support,0,1399310.5,1399310.6907554,1399312.1,1399312.2907554002,1399312.109,1399312.2984628,0.008999999845400453,1399312.1,1399312.109,1399312.2985057,1.6089999999385327,1.6077502998523414,0.008999999845400453,0,0,2,measured_from_next_stimulus_flip
8,support,0,1399312.109,1399312.2985057,1399313.709,1399313.8985057,1399313.703,1399313.8984129,0.0,1399313.709,1399313.703,1399313.8984561,1.5940000000409782,1.599950399948284,-0.006000000052154064,0,0,2,measured_from_next_stimulus_flip
9,support,0,1399313.703,1399313.8984561,1399315.303,1399315.4984561,1399315.312,1399315.5071215,0.008999999845400453,1399315.303,1399315.312,1399315.5071608,1.6089999999385327,1.6087047001346946,0.008999999845400453,0,0,2,measured_from_next_stimulus_flip
10,support,0,1399315.312,1399315.5071608,1399316.912,1399317.1071608001,1399316.906,1399317.0983043,0.0,1399316.912,1399317.015,1399317.2101237,1.702999999979511,1.7029629000462592,0.10299999988637865,0,0,2,measured_from_next_stimulus_flip
11,query,0,1399317.015,1399317.2101237,1399318.615,1399318.8101237002,1399318.609,1399318.809081,0.0,1399318.615,1399318.609,1399318.8091229,1.5940000000409782,1.598999199923128,-0.006000000052154064,0,0,2,measured_from_next_stimulus_flip
12,query,0,1399318.609,1399318.8091229,1399320.209,1399320.4091229,1399320.203,1399320.3991975,0.0,1399320.209,1399320.203,1399320.3992379,1.5940000000409782,1.5901150000281632,-0.006000000052154064,0,0,2,measured_from_next_stimulus_flip
13,query,0,1399320.203,1399320.3992379,1399321.803,1399321.9992379001,1399321.812,1399322.0086392,0.008999999845400453,1399321.803,1399321.812,1399322.0086817,1.6089999999385327,1.6094438000582159,0.008999999845400453,0,0,2,measured_from_next_stimulus_flip
14,query,0,1399321.812,1399322.0086817,1399323.412,1399323.6086817002,1399323.406,1399323.5984968,0.0,1399323.412,1399323.406,1399323.5985403,1.5940000000409782,1.5898585999384522,-0.006000000052154064,0,0,2,measured_from_next_stimulus_flip
15,query,0,1399323.406,1399323.5985403,1399325.006,1399325.1985403001,1399325.0,1399325.1897156,0.0,1399325.006,1399325.0,1399325.1897549,1.5940000000409782,1.591214600019157,-0.006000000052154064,0,0,2,measured_from_next_stimulus_flip
16,query,0,1399325.0,1399325.1897549,1399326.6,1399326.7897549002,1399326.609,1399326.7991147,0.008999999845400453,1399326.6,1399326.609,1399326.7991544,1.6089999999385327,1.6093994998373091,0.008999999845400453,0,0,2,measured_from_next_stimulus_flip
17,query,0,1399326.609,1399326.7991544,1399328.209,1399328.3991544,1399328.203,1399328.3990448,0.0,1399328.209,1399328.203,1399328.3990881,1.5940000000409782,1.599933700170368,-0.006000000052154064,0,0,2,measured_from_next_stimulus_flip
18,query,0,1399328.203,1399328.3990881,1399329.803,1399329.9990881002,1399329.812,1399330.0105255,0.008999999845400453,1399329.803,1399329.812,1399330.010567,1.6089999999385327,1.6114788998384029,0.008999999845400453,0,0,2,measured_from_next_stimulus_flip
19,query,0,1399329.812,1399330.010567,1399331.412,1399331.610567,1399331.406,1399331.5978106,0.0,1399331.412,1399331.406,1399331.5978503,1.5940000000409782,1.5872833000030369,-0.006000000052154064,0,0,2,measured_from_next_stimulus_flip
20,query,0,1399331.406,1399331.5978503,1399333.006,1399333.1978503,1399333.0,1399333.1897442,0.0,1399333.006,1399333.093,1399333.2935324,1.6870000001508743,1.695682100020349,,1,0,2,measured_from_next_stimulus_flip
21,query,0,1399333.093,1399333.2935324,1399334.6930000002,1399334.8935324,1399334.687,1399334.8824016,0.0,1399334.6930000002,1399334.687,1399334.8824453,1.5939999998081475,1.5889129000715911,-0.006000000284984708,0,0,2,measured_from_next_stimulus_flip
22,query,0,1399334.687,1399334.8824453,1399336.287,1399336.4824453,1399336.281,1399336.4730373,0.0,1399336.287,1399336.281,1399336.4730782,1.5940000000409782,1.590632899897173,-0.006000000052154064,0,0,2,measured_from_next_stimulus_flip
23,query,0,1399336.281,1399336.4730782,1399337.881,1399338.0730782,1399337.875,1399338.0650321,0.0,1399337.881,1399337.875,1399338.0650808,1.5940000000409782,1.5920026001986116,-0.006000000052154064,0,0,2,measured_from_next_stimulus_flip
24,query,0,1399337.875,1399338.0650808,1399339.475,1399339.6650808002,1399339.484,1399339.6837047,0.008999999845400453,1399339.475,1399339.484,1399339.6837511,1.6089999999385327,1.6186702998820692,0.008999999845400453,0,0,2,measured_from_next_stimulus_flip
25,query,0,1399339.484,1399339.6837511,1399341.084,1399341.2837511,1399341.078,1399341.2777053,0.0,1399341.084,1399341.078,1399341.2777512,1.5940000000409782,1.5940000999253243,-0.006000000052154064,0,0,2,measured_from_next_stimulus_flip
26,query,0,1399341.078,1399341.2777512,1399342.678,1399342.8777512,1399342.703,1399342.8885315,0.024999999906867743,1399342.678,1399342.703,1399342.8885758,1.625,1.6108246000949293,0.024999999906867743,0,0,2,measured_from_next_stimulus_flip
27,query,0,1399342.703,1399342.8885758,1399344.303,1399344.4885758,1399344.312,1399344.5069473,0.008999999845400453,1399344.303,1399344.312,1399344.5069943,1.6089999999385327,1.6184185000602156,0.008999999845400453,0,0,2,measured_from_next_stimulus_flip
28,query,0,1399344.312,1399344.5069943,1399345.912,1399346.1069943001,1399345.906,1399346.099894,0.0,1399345.912,1399345.906,1399346.0999364,1.5940000000409782,1.5929421000182629,-0.006000000052154064,0,0,2,measured_from_next_stimulus_flip
29,query,0,1399345.906,1399346.0999364,1399347.506,1399347.6999364002,1399347.5,1399347.6960269,0.0,1399347.506,1399347.5,1399347.6960695,1.5940000000409782,1.5961330998688936,-0.006000000052154064,0,0,2,measured_from_next_stimulus_flip
30,query,0,1399347.5,1399347.6960695,1399349.1,1399349.2960695,1399349.109,1399349.2977344,0.008999999845400453,1399349.1,,,,,,0,0,2,terminal_no_following_stimulus_flip
