marker_label,lsl_timestamp,local_received_lsl_timestamp
dynamic_sart_task_start,1399167.017758500,1399167.017984300
dynamic_sart_practice_start,1399169.360852700,1399169.361047200
dynamic_sart_stimulus_onset__v=1__trial=-1__condition=go__digit=4__block=-1__phase=practice__practice=1,1399169.391748000,1399169.392219000
dynamic_sart_stimulus_offset__v=1__trial=-1__condition=go__digit=4__block=-1__phase=practice__practice=1,1399169.650862900,1399169.651198200
dynamic_sart_response_window_close__v=1__trial=-1__condition=go__digit=4__block=-1__phase=practice__practice=1,1399171.011197800,1399171.011529200
dynamic_sart_trial_complete__v=1__trial=-1__condition=go__digit=4__block=-1__phase=practice__practice=1,1399171.011197800,1399171.017809000
dynamic_sart_stimulus_onset__v=1__trial=-2__condition=go__digit=5__block=-1__phase=practice__practice=1,1399171.411488000,1399171.412120500
dynamic_sart_stimulus_offset__v=1__trial=-2__condition=go__digit=5__block=-1__phase=practice__practice=1,1399171.665058700,1399171.665446800
dynamic_sart_response_window_close__v=1__trial=-2__condition=go__digit=5__block=-1__phase=practice__practice=1,1399173.009349600,1399173.009652300
dynamic_sart_trial_complete__v=1__trial=-2__condition=go__digit=5__block=-1__phase=practice__practice=1,1399173.009349600,1399173.015450500
dynamic_sart_stimulus_onset__v=1__trial=-3__condition=go__digit=6__block=-1__phase=practice__practice=1,1399173.409241400,1399173.409584800
dynamic_sart_stimulus_offset__v=1__trial=-3__condition=go__digit=6__block=-1__phase=practice__practice=1,1399173.665523300,1399173.665887200
dynamic_sart_response_window_close__v=1__trial=-3__condition=go__digit=6__block=-1__phase=practice__practice=1,1399175.009366100,1399175.009923100
dynamic_sart_trial_complete__v=1__trial=-3__condition=go__digit=6__block=-1__phase=practice__practice=1,1399175.009366100,1399175.015770700
dynamic_sart_stimulus_onset__v=1__trial=-4__condition=go__digit=7__block=-1__phase=practice__practice=1,1399175.406548000,1399175.406801900
dynamic_sart_stimulus_offset__v=1__trial=-4__condition=go__digit=7__block=-1__phase=practice__practice=1,1399175.664857400,1399175.665077200
dynamic_sart_response_window_close__v=1__trial=-4__condition=go__digit=7__block=-1__phase=practice__practice=1,1399177.010156800,1399177.010458100
dynamic_sart_trial_complete__v=1__trial=-4__condition=go__digit=7__block=-1__phase=practice__practice=1,1399177.010156800,1399177.015695700
dynamic_sart_stimulus_onset__v=1__trial=-5__condition=go__digit=2__block=-1__phase=practice__practice=1,1399177.415120100,1399177.415445100
dynamic_sart_stimulus_offset__v=1__trial=-5__condition=go__digit=2__block=-1__phase=practice__practice=1,1399177.664850200,1399177.665199500
dynamic_sart_response_window_close__v=1__trial=-5__condition=go__digit=2__block=-1__phase=practice__practice=1,1399179.009338600,1399179.009581700
dynamic_sart_trial_complete__v=1__trial=-5__condition=go__digit=2__block=-1__phase=practice__practice=1,1399179.009338600,1399179.015458200
dynamic_sart_stimulus_onset__v=1__trial=-6__condition=go__digit=9__block=-1__phase=practice__practice=1,1399179.414912600,1399179.415250500
dynamic_sart_stimulus_offset__v=1__trial=-6__condition=go__digit=9__block=-1__phase=practice__practice=1,1399179.664934700,1399179.665414000
dynamic_sart_response_window_close__v=1__trial=-6__condition=go__digit=9__block=-1__phase=practice__practice=1,1399181.009809100,1399181.010106900
dynamic_sart_trial_complete__v=1__trial=-6__condition=go__digit=9__block=-1__phase=practice__practice=1,1399181.009809100,1399181.016221700
dynamic_sart_stimulus_onset__v=1__trial=-7__condition=go__digit=0__block=-1__phase=practice__practice=1,1399181.409075500,1399181.409403300
dynamic_sart_stimulus_offset__v=1__trial=-7__condition=go__digit=0__block=-1__phase=practice__practice=1,1399181.665054100,1399181.665633800
dynamic_sart_response_window_close__v=1__trial=-7__condition=go__digit=0__block=-1__phase=practice__practice=1,1399183.006571700,1399183.006765900
dynamic_sart_trial_complete__v=1__trial=-7__condition=go__digit=0__block=-1__phase=practice__practice=1,1399183.006571700,1399183.012874800
dynamic_sart_stimulus_onset__v=1__trial=-8__condition=go__digit=1__block=-1__phase=practice__practice=1,1399183.398255800,1399183.398657500
dynamic_sart_stimulus_offset__v=1__trial=-8__condition=go__digit=1__block=-1__phase=practice__practice=1,1399183.650670900,1399183.651070300
dynamic_sart_response_window_close__v=1__trial=-8__condition=go__digit=1__block=-1__phase=practice__practice=1,1399185.008787900,1399185.009298000
dynamic_sart_trial_complete__v=1__trial=-8__condition=go__digit=1__block=-1__phase=practice__practice=1,1399185.008787900,1399185.015261400
dynamic_sart_stimulus_onset__v=1__trial=-9__condition=go__digit=8__block=-1__phase=practice__practice=1,1399185.399083000,1399185.399395500
dynamic_sart_stimulus_offset__v=1__trial=-9__condition=go__digit=8__block=-1__phase=practice__practice=1,1399185.648424100,1399185.648647300
dynamic_sart_response_window_close__v=1__trial=-9__condition=go__digit=8__block=-1__phase=practice__practice=1,1399187.008931800,1399187.009216600
dynamic_sart_trial_complete__v=1__trial=-9__condition=go__digit=8__block=-1__phase=practice__practice=1,1399187.008931800,1399187.014835800
dynamic_sart_stimulus_onset__v=1__trial=-10__condition=go__digit=5__block=-1__phase=practice__practice=1,1399187.398533900,1399187.398940200
dynamic_sart_stimulus_offset__v=1__trial=-10__condition=go__digit=5__block=-1__phase=practice__practice=1,1399187.648181300,1399187.648535700
dynamic_sart_response_window_close__v=1__trial=-10__condition=go__digit=5__block=-1__phase=practice__practice=1,1399189.009486200,1399189.009798800
dynamic_sart_trial_complete__v=1__trial=-10__condition=go__digit=5__block=-1__phase=practice__practice=1,1399189.009486200,1399189.017441600
dynamic_sart_stimulus_onset__v=1__trial=-11__condition=go__digit=4__block=-1__phase=practice__practice=1,1399189.415142800,1399189.415343600
dynamic_sart_stimulus_offset__v=1__trial=-11__condition=go__digit=4__block=-1__phase=practice__practice=1,1399189.665292800,1399189.665680200
dynamic_sart_response_window_close__v=1__trial=-11__condition=go__digit=4__block=-1__phase=practice__practice=1,1399191.006369600,1399191.006695700
dynamic_sart_trial_complete__v=1__trial=-11__condition=go__digit=4__block=-1__phase=practice__practice=1,1399191.006369600,1399191.014960300
dynamic_sart_stimulus_onset__v=1__trial=-12__condition=go__digit=0__block=-1__phase=practice__practice=1,1399191.389890300,1399191.390268200
dynamic_sart_stimulus_offset__v=1__trial=-12__condition=go__digit=0__block=-1__phase=practice__practice=1,1399191.650792700,1399191.651054800
dynamic_sart_response_window_close__v=1__trial=-12__condition=go__digit=0__block=-1__phase=practice__practice=1,1399193.009471200,1399193.009679000
dynamic_sart_trial_complete__v=1__trial=-12__condition=go__digit=0__block=-1__phase=practice__practice=1,1399193.009471200,1399193.015747000
dynamic_sart_stimulus_onset__v=1__trial=-13__condition=no_go__digit=3__block=-1__phase=practice__practice=1,1399193.390200500,1399193.390567900
dynamic_sart_stimulus_offset__v=1__trial=-13__condition=no_go__digit=3__block=-1__phase=practice__practice=1,1399193.650639300,1399193.650981800
dynamic_sart_response_window_close__v=1__trial=-13__condition=no_go__digit=3__block=-1__phase=practice__practice=1,1399195.009250900,1399195.009565200
dynamic_sart_trial_complete__v=1__trial=-13__condition=no_go__digit=3__block=-1__phase=practice__practice=1,1399195.009250900,1399195.015963300
dynamic_sart_stimulus_onset__v=1__trial=-14__condition=no_go__digit=3__block=-1__phase=practice__practice=1,1399195.409941400,1399195.410653500
dynamic_sart_stimulus_offset__v=1__trial=-14__condition=no_go__digit=3__block=-1__phase=practice__practice=1,1399195.664828400,1399195.665036300
dynamic_sart_response_window_close__v=1__trial=-14__condition=no_go__digit=3__block=-1__phase=practice__practice=1,1399197.010334400,1399197.010627600
dynamic_sart_trial_complete__v=1__trial=-14__condition=no_go__digit=3__block=-1__phase=practice__practice=1,1399197.010334400,1399197.016501000
dynamic_sart_stimulus_onset__v=1__trial=-15__condition=go__digit=6__block=-1__phase=practice__practice=1,1399197.411766300,1399197.412110800
dynamic_sart_stimulus_offset__v=1__trial=-15__condition=go__digit=6__block=-1__phase=practice__practice=1,1399197.665387100,1399197.665718000
dynamic_sart_response_window_close__v=1__trial=-15__condition=go__digit=6__block=-1__phase=practice__practice=1,1399199.006825500,1399199.007075200
dynamic_sart_trial_complete__v=1__trial=-15__condition=go__digit=6__block=-1__phase=practice__practice=1,1399199.006825500,1399199.013271600
dynamic_sart_stimulus_onset__v=1__trial=-16__condition=go__digit=9__block=-1__phase=practice__practice=1,1399199.391264400,1399199.391484500
dynamic_sart_stimulus_offset__v=1__trial=-16__condition=go__digit=9__block=-1__phase=practice__practice=1,1399199.653249700,1399199.653634100
dynamic_sart_response_window_close__v=1__trial=-16__condition=go__digit=9__block=-1__phase=practice__practice=1,1399201.011195400,1399201.011478800
dynamic_sart_trial_complete__v=1__trial=-16__condition=go__digit=9__block=-1__phase=practice__practice=1,1399201.011195400,1399201.018958400
dynamic_sart_stimulus_onset__v=1__trial=-17__condition=go__digit=7__block=-1__phase=practice__practice=1,1399201.420118500,1399201.420476200
dynamic_sart_stimulus_offset__v=1__trial=-17__condition=go__digit=7__block=-1__phase=practice__practice=1,1399201.673552300,1399201.673811500
dynamic_sart_response_window_close__v=1__trial=-17__condition=go__digit=7__block=-1__phase=practice__practice=1,1399203.023378400,1399203.023570900
dynamic_sart_trial_complete__v=1__trial=-17__condition=go__digit=7__block=-1__phase=practice__practice=1,1399203.023378400,1399203.029922600
dynamic_sart_stimulus_onset__v=1__trial=-18__condition=no_go__digit=3__block=-1__phase=practice__practice=1,1399203.410230000,1399203.410587300
dynamic_sart_stimulus_offset__v=1__trial=-18__condition=no_go__digit=3__block=-1__phase=practice__practice=1,1399203.656454400,1399203.656784900
dynamic_sart_response_window_close__v=1__trial=-18__condition=no_go__digit=3__block=-1__phase=practice__practice=1,1399205.009919300,1399205.010248600
dynamic_sart_trial_complete__v=1__trial=-18__condition=no_go__digit=3__block=-1__phase=practice__practice=1,1399205.009919300,1399205.015485400
dynamic_sart_stimulus_onset__v=1__trial=-19__condition=go__digit=8__block=-1__phase=practice__practice=1,1399205.390379800,1399205.390641100
dynamic_sart_stimulus_offset__v=1__trial=-19__condition=go__digit=8__block=-1__phase=practice__practice=1,1399205.648601400,1399205.648954500
dynamic_sart_response_window_close__v=1__trial=-19__condition=go__digit=8__block=-1__phase=practice__practice=1,1399207.010229800,1399207.010526800
dynamic_sart_trial_complete__v=1__trial=-19__condition=go__digit=8__block=-1__phase=practice__practice=1,1399207.010229800,1399207.016685800
dynamic_sart_stimulus_onset__v=1__trial=-20__condition=go__digit=2__block=-1__phase=practice__practice=1,1399207.409964500,1399207.410379000
dynamic_sart_stimulus_offset__v=1__trial=-20__condition=go__digit=2__block=-1__phase=practice__practice=1,1399207.664898200,1399207.665265300
dynamic_sart_response_window_close__v=1__trial=-20__condition=go__digit=2__block=-1__phase=practice__practice=1,1399209.009413400,1399209.009749400
dynamic_sart_trial_complete__v=1__trial=-20__condition=go__digit=2__block=-1__phase=practice__practice=1,1399209.009413400,1399209.016070400
dynamic_sart_stimulus_onset__v=1__trial=-21__condition=go__digit=1__block=-1__phase=practice__practice=1,1399209.409289400,1399209.409764200
dynamic_sart_stimulus_offset__v=1__trial=-21__condition=go__digit=1__block=-1__phase=practice__practice=1,1399209.664789000,1399209.664995500
dynamic_sart_response_window_close__v=1__trial=-21__condition=go__digit=1__block=-1__phase=practice__practice=1,1399211.006327400,1399211.006669300
dynamic_sart_trial_complete__v=1__trial=-21__condition=go__digit=1__block=-1__phase=practice__practice=1,1399211.006327400,1399211.013341200
dynamic_sart_stimulus_onset__v=1__trial=-22__condition=no_go__digit=3__block=-1__phase=practice__practice=1,1399211.390265700,1399211.390752900
dynamic_sart_stimulus_offset__v=1__trial=-22__condition=no_go__digit=3__block=-1__phase=practice__practice=1,1399211.648240800,1399211.648570500
dynamic_sart_response_window_close__v=1__trial=-22__condition=no_go__digit=3__block=-1__phase=practice__practice=1,1399213.009993700,1399213.010282600
dynamic_sart_trial_complete__v=1__trial=-22__condition=no_go__digit=3__block=-1__phase=practice__practice=1,1399213.009993700,1399213.016128000
dynamic_sart_stimulus_onset__v=1__trial=-23__condition=go__digit=6__block=-1__phase=practice__practice=1,1399213.417522700,1399213.417784900
dynamic_sart_stimulus_offset__v=1__trial=-23__condition=go__digit=6__block=-1__phase=practice__practice=1,1399213.665067300,1399213.665390400
dynamic_sart_response_window_close__v=1__trial=-23__condition=go__digit=6__block=-1__phase=practice__practice=1,1399215.007078500,1399215.007557500
dynamic_sart_trial_complete__v=1__trial=-23__condition=go__digit=6__block=-1__phase=practice__practice=1,1399215.007078500,1399215.012942300
dynamic_sart_stimulus_onset__v=1__trial=-24__condition=go__digit=5__block=-1__phase=practice__practice=1,1399215.390532000,1399215.390907900
dynamic_sart_stimulus_offset__v=1__trial=-24__condition=go__digit=5__block=-1__phase=practice__practice=1,1399215.651360200,1399215.651764100
dynamic_sart_response_window_close__v=1__trial=-24__condition=go__digit=5__block=-1__phase=practice__practice=1,1399217.009453900,1399217.009650700
dynamic_sart_trial_complete__v=1__trial=-24__condition=go__digit=5__block=-1__phase=practice__practice=1,1399217.009453900,1399217.015885900
dynamic_sart_stimulus_onset__v=1__trial=-25__condition=go__digit=2__block=-1__phase=practice__practice=1,1399217.414958700,1399217.415318700
dynamic_sart_stimulus_offset__v=1__trial=-25__condition=go__digit=2__block=-1__phase=practice__practice=1,1399217.664639200,1399217.664981900
dynamic_sart_response_window_close__v=1__trial=-25__condition=go__digit=2__block=-1__phase=practice__practice=1,1399219.006401100,1399219.006731700
dynamic_sart_trial_complete__v=1__trial=-25__condition=go__digit=2__block=-1__phase=practice__practice=1,1399219.006401100,1399219.012862900
dynamic_sart_stimulus_onset__v=1__trial=-26__condition=go__digit=4__block=-1__phase=practice__practice=1,1399219.391086900,1399219.391696500
dynamic_sart_stimulus_offset__v=1__trial=-26__condition=go__digit=4__block=-1__phase=practice__practice=1,1399219.650604300,1399219.650813300
dynamic_sart_response_window_close__v=1__trial=-26__condition=go__digit=4__block=-1__phase=practice__practice=1,1399221.009385800,1399221.009683500
dynamic_sart_trial_complete__v=1__trial=-26__condition=go__digit=4__block=-1__phase=practice__practice=1,1399221.009385800,1399221.015681800
dynamic_sart_stimulus_onset__v=1__trial=-27__condition=go__digit=8__block=-1__phase=practice__practice=1,1399221.414911900,1399221.415277700
dynamic_sart_stimulus_offset__v=1__trial=-27__condition=go__digit=8__block=-1__phase=practice__practice=1,1399221.665158600,1399221.665451600
dynamic_sart_response_window_close__v=1__trial=-27__condition=go__digit=8__block=-1__phase=practice__practice=1,1399223.009971000,1399223.010253700
dynamic_sart_trial_complete__v=1__trial=-27__condition=go__digit=8__block=-1__phase=practice__practice=1,1399223.009971000,1399223.016984100
dynamic_sart_stimulus_onset__v=1__trial=-28__condition=go__digit=1__block=-1__phase=practice__practice=1,1399223.419929700,1399223.420138900
dynamic_sart_stimulus_offset__v=1__trial=-28__condition=go__digit=1__block=-1__phase=practice__practice=1,1399223.686021100,1399223.686351800
dynamic_sart_response_window_close__v=1__trial=-28__condition=go__digit=1__block=-1__phase=practice__practice=1,1399225.023143500,1399225.023443400
dynamic_sart_trial_complete__v=1__trial=-28__condition=go__digit=1__block=-1__phase=practice__practice=1,1399225.023143500,1399225.029301400
dynamic_sart_stimulus_onset__v=1__trial=-29__condition=go__digit=0__block=-1__phase=practice__practice=1,1399225.410473000,1399225.411137800
dynamic_sart_stimulus_offset__v=1__trial=-29__condition=go__digit=0__block=-1__phase=practice__practice=1,1399225.665622600,1399225.665895600
dynamic_sart_response_window_close__v=1__trial=-29__condition=go__digit=0__block=-1__phase=practice__practice=1,1399227.008866900,1399227.009058300
dynamic_sart_trial_complete__v=1__trial=-29__condition=go__digit=0__block=-1__phase=practice__practice=1,1399227.008866900,1399227.015826500
dynamic_sart_stimulus_onset__v=1__trial=-30__condition=go__digit=7__block=-1__phase=practice__practice=1,1399227.409640900,1399227.410002100
dynamic_sart_stimulus_offset__v=1__trial=-30__condition=go__digit=7__block=-1__phase=practice__practice=1,1399227.664669300,1399227.665010700
dynamic_sart_response_window_close__v=1__trial=-30__condition=go__digit=7__block=-1__phase=practice__practice=1,1399229.009482500,1399229.009720600
dynamic_sart_trial_complete__v=1__trial=-30__condition=go__digit=7__block=-1__phase=practice__practice=1,1399229.009482500,1399229.016003500
dynamic_sart_stimulus_onset__v=1__trial=-31__condition=go__digit=8__block=-2__phase=practice__practice=1,1399234.926340800,1399234.926691200
dynamic_sart_stimulus_offset__v=1__trial=-31__condition=go__digit=8__block=-2__phase=practice__practice=1,1399235.172943500,1399235.173164700
dynamic_sart_response_window_close__v=1__trial=-31__condition=go__digit=8__block=-2__phase=practice__practice=1,1399236.524410400,1399236.524741800
dynamic_sart_trial_complete__v=1__trial=-31__condition=go__digit=8__block=-2__phase=practice__practice=1,1399236.524410400,1399236.530183300
dynamic_sart_stimulus_onset__v=1__trial=-32__condition=go__digit=7__block=-2__phase=practice__practice=1,1399236.926081600,1399236.926439600
dynamic_sart_stimulus_offset__v=1__trial=-32__condition=go__digit=7__block=-2__phase=practice__practice=1,1399237.173108800,1399237.173361700
dynamic_sart_response_window_close__v=1__trial=-32__condition=go__digit=7__block=-2__phase=practice__practice=1,1399238.526268900,1399238.526561200
dynamic_sart_trial_complete__v=1__trial=-32__condition=go__digit=7__block=-2__phase=practice__practice=1,1399238.526268900,1399238.532412300
dynamic_sart_stimulus_onset__v=1__trial=-33__condition=go__digit=4__block=-2__phase=practice__practice=1,1399238.914929100,1399238.915496800
dynamic_sart_stimulus_offset__v=1__trial=-33__condition=go__digit=4__block=-2__phase=practice__practice=1,1399239.167440000,1399239.167797300
dynamic_sart_response_window_close__v=1__trial=-33__condition=go__digit=4__block=-2__phase=practice__practice=1,1399240.506630700,1399240.506946200
dynamic_sart_trial_complete__v=1__trial=-33__condition=go__digit=4__block=-2__phase=practice__practice=1,1399240.506630700,1399240.513008500
dynamic_sart_stimulus_onset__v=1__trial=-34__condition=go__digit=2__block=-2__phase=practice__practice=1,1399240.898155100,1399240.898401200
dynamic_sart_stimulus_offset__v=1__trial=-34__condition=go__digit=2__block=-2__phase=practice__practice=1,1399241.147980100,1399241.148341500
dynamic_sart_response_window_close__v=1__trial=-34__condition=go__digit=2__block=-2__phase=practice__practice=1,1399242.506489600,1399242.507031900
dynamic_sart_trial_complete__v=1__trial=-34__condition=go__digit=2__block=-2__phase=practice__practice=1,1399242.506489600,1399242.512856900
dynamic_sart_stimulus_onset__v=1__trial=-35__condition=go__digit=5__block=-2__phase=practice__practice=1,1399242.893736700,1399242.894303500
dynamic_sart_stimulus_offset__v=1__trial=-35__condition=go__digit=5__block=-2__phase=practice__practice=1,1399243.149331300,1399243.149696500
dynamic_sart_response_window_close__v=1__trial=-35__condition=go__digit=5__block=-2__phase=practice__practice=1,1399244.507017800,1399244.507238000
dynamic_sart_trial_complete__v=1__trial=-35__condition=go__digit=5__block=-2__phase=practice__practice=1,1399244.507017800,1399244.513459400
dynamic_sart_stimulus_onset__v=1__trial=-36__condition=go__digit=6__block=-2__phase=practice__practice=1,1399244.898207500,1399244.898549100
dynamic_sart_stimulus_offset__v=1__trial=-36__condition=go__digit=6__block=-2__phase=practice__practice=1,1399245.148309300,1399245.148542400
dynamic_sart_response_window_close__v=1__trial=-36__condition=go__digit=6__block=-2__phase=practice__practice=1,1399246.506770100,1399246.507176500
dynamic_sart_trial_complete__v=1__trial=-36__condition=go__digit=6__block=-2__phase=practice__practice=1,1399246.506770100,1399246.513134700
dynamic_sart_stimulus_onset__v=1__trial=-37__condition=go__digit=1__block=-2__phase=practice__practice=1,1399246.898078400,1399246.898424200
dynamic_sart_stimulus_offset__v=1__trial=-37__condition=go__digit=1__block=-2__phase=practice__practice=1,1399247.150562100,1399247.151008200
dynamic_sart_response_window_close__v=1__trial=-37__condition=go__digit=1__block=-2__phase=practice__practice=1,1399248.506306800,1399248.506648900
dynamic_sart_trial_complete__v=1__trial=-37__condition=go__digit=1__block=-2__phase=practice__practice=1,1399248.506306800,1399248.512554100
dynamic_sart_stimulus_onset__v=1__trial=-38__condition=go__digit=9__block=-2__phase=practice__practice=1,1399248.889999700,1399248.890259900
dynamic_sart_stimulus_offset__v=1__trial=-38__condition=go__digit=9__block=-2__phase=practice__practice=1,1399249.150455400,1399249.150800300
dynamic_sart_response_window_close__v=1__trial=-38__condition=go__digit=9__block=-2__phase=practice__practice=1,1399250.506537000,1399250.506917200
dynamic_sart_trial_complete__v=1__trial=-38__condition=go__digit=9__block=-2__phase=practice__practice=1,1399250.506537000,1399250.512906600
dynamic_sart_stimulus_onset__v=1__trial=-39__condition=no_go__digit=3__block=-2__phase=practice__practice=1,1399250.898378700,1399250.898612700
dynamic_sart_stimulus_offset__v=1__trial=-39__condition=no_go__digit=3__block=-2__phase=practice__practice=1,1399251.150716600,1399251.151072900
dynamic_sart_response_window_close__v=1__trial=-39__condition=no_go__digit=3__block=-2__phase=practice__practice=1,1399252.506543300,1399252.506739200
dynamic_sart_trial_complete__v=1__trial=-39__condition=no_go__digit=3__block=-2__phase=practice__practice=1,1399252.506543300,1399252.512899900
dynamic_sart_stimulus_onset__v=1__trial=-40__condition=go__digit=0__block=-2__phase=practice__practice=1,1399252.920034300,1399252.920417400
dynamic_sart_stimulus_offset__v=1__trial=-40__condition=go__digit=0__block=-2__phase=practice__practice=1,1399253.177814200,1399253.178170500
dynamic_sart_response_window_close__v=1__trial=-40__condition=go__digit=0__block=-2__phase=practice__practice=1,1399254.528074300,1399254.528305500
dynamic_sart_trial_complete__v=1__trial=-40__condition=go__digit=0__block=-2__phase=practice__practice=1,1399254.528074300,1399254.534565800
dynamic_sart_stimulus_onset__v=1__trial=-41__condition=go__digit=6__block=-2__phase=practice__practice=1,1399254.930322000,1399254.930723900
dynamic_sart_stimulus_offset__v=1__trial=-41__condition=go__digit=6__block=-2__phase=practice__practice=1,1399255.178128000,1399255.178347900
dynamic_sart_response_window_close__v=1__trial=-41__condition=go__digit=6__block=-2__phase=practice__practice=1,1399256.527964800,1399256.528274200
dynamic_sart_trial_complete__v=1__trial=-41__condition=go__digit=6__block=-2__phase=practice__practice=1,1399256.527964800,1399256.534399100
dynamic_sart_stimulus_onset__v=1__trial=-42__condition=go__digit=8__block=-2__phase=practice__practice=1,1399256.932034800,1399256.932382400
dynamic_sart_stimulus_offset__v=1__trial=-42__condition=go__digit=8__block=-2__phase=practice__practice=1,1399257.173723100,1399257.173977100
dynamic_sart_response_window_close__v=1__trial=-42__condition=go__digit=8__block=-2__phase=practice__practice=1,1399258.524327700,1399258.525000000
dynamic_sart_trial_complete__v=1__trial=-42__condition=go__digit=8__block=-2__phase=practice__practice=1,1399258.524327700,1399258.529936900
dynamic_sart_stimulus_onset__v=1__trial=-43__condition=go__digit=1__block=-2__phase=practice__practice=1,1399258.907244000,1399258.907793200
dynamic_sart_stimulus_offset__v=1__trial=-43__condition=go__digit=1__block=-2__phase=practice__practice=1,1399259.165806900,1399259.166071700
dynamic_sart_response_window_close__v=1__trial=-43__condition=go__digit=1__block=-2__phase=practice__practice=1,1399260.506972000,1399260.507283600
dynamic_sart_trial_complete__v=1__trial=-43__condition=go__digit=1__block=-2__phase=practice__practice=1,1399260.506972000,1399260.513116700
dynamic_sart_stimulus_onset__v=1__trial=-44__condition=go__digit=4__block=-2__phase=practice__practice=1,1399260.898046600,1399260.898309700
dynamic_sart_stimulus_offset__v=1__trial=-44__condition=go__digit=4__block=-2__phase=practice__practice=1,1399261.150731800,1399261.151086900
dynamic_sart_response_window_close__v=1__trial=-44__condition=go__digit=4__block=-2__phase=practice__practice=1,1399262.506912700,1399262.507453800
dynamic_sart_trial_complete__v=1__trial=-44__condition=go__digit=4__block=-2__phase=practice__practice=1,1399262.506912700,1399262.512962600
dynamic_sart_stimulus_onset__v=1__trial=-45__condition=go__digit=7__block=-2__phase=practice__practice=1,1399262.890525100,1399262.890874500
dynamic_sart_stimulus_offset__v=1__trial=-45__condition=go__digit=7__block=-2__phase=practice__practice=1,1399263.150588000,1399263.150971200
dynamic_sart_response_window_close__v=1__trial=-45__condition=go__digit=7__block=-2__phase=practice__practice=1,1399264.507409400,1399264.507782700
dynamic_sart_trial_complete__v=1__trial=-45__condition=go__digit=7__block=-2__phase=practice__practice=1,1399264.507409400,1399264.514033600
dynamic_sart_stimulus_onset__v=1__trial=-46__condition=go__digit=0__block=-2__phase=practice__practice=1,1399264.898454700,1399264.898831300
dynamic_sart_stimulus_offset__v=1__trial=-46__condition=go__digit=0__block=-2__phase=practice__practice=1,1399265.148212700,1399265.148450800
dynamic_sart_response_window_close__v=1__trial=-46__condition=go__digit=0__block=-2__phase=practice__practice=1,1399266.506797300,1399266.507103700
dynamic_sart_trial_complete__v=1__trial=-46__condition=go__digit=0__block=-2__phase=practice__practice=1,1399266.506797300,1399266.516243700
dynamic_sart_stimulus_onset__v=1__trial=-47__condition=go__digit=2__block=-2__phase=practice__practice=1,1399266.907005700,1399266.907379600
dynamic_sart_stimulus_offset__v=1__trial=-47__condition=go__digit=2__block=-2__phase=practice__practice=1,1399267.164828300,1399267.165088000
dynamic_sart_response_window_close__v=1__trial=-47__condition=go__digit=2__block=-2__phase=practice__practice=1,1399268.506969100,1399268.507266700
dynamic_sart_trial_complete__v=1__trial=-47__condition=go__digit=2__block=-2__phase=practice__practice=1,1399268.506969100,1399268.513244200
dynamic_sart_stimulus_onset__v=1__trial=-48__condition=go__digit=9__block=-2__phase=practice__practice=1,1399268.898601800,1399268.898801100
dynamic_sart_stimulus_offset__v=1__trial=-48__condition=go__digit=9__block=-2__phase=practice__practice=1,1399269.148576100,1399269.149110200
dynamic_sart_response_window_close__v=1__trial=-48__condition=go__digit=9__block=-2__phase=practice__practice=1,1399270.506902100,1399270.507211800
dynamic_sart_trial_complete__v=1__trial=-48__condition=go__digit=9__block=-2__phase=practice__practice=1,1399270.506902100,1399270.513266000
dynamic_sart_stimulus_onset__v=1__trial=-49__condition=no_go__digit=3__block=-2__phase=practice__practice=1,1399270.894891800,1399270.895170300
dynamic_sart_stimulus_offset__v=1__trial=-49__condition=no_go__digit=3__block=-2__phase=practice__practice=1,1399271.150038000,1399271.150449400
dynamic_sart_response_window_close__v=1__trial=-49__condition=no_go__digit=3__block=-2__phase=practice__practice=1,1399272.506535500,1399272.506839500
dynamic_sart_trial_complete__v=1__trial=-49__condition=no_go__digit=3__block=-2__phase=practice__practice=1,1399272.506535500,1399272.512635400
dynamic_sart_stimulus_onset__v=1__trial=-50__condition=go__digit=5__block=-2__phase=practice__practice=1,1399272.893603200,1399272.894021400
dynamic_sart_stimulus_offset__v=1__trial=-50__condition=go__digit=5__block=-2__phase=practice__practice=1,1399273.151397800,1399273.151797800
dynamic_sart_response_window_close__v=1__trial=-50__condition=go__digit=5__block=-2__phase=practice__practice=1,1399274.506330600,1399274.506872500
dynamic_sart_trial_complete__v=1__trial=-50__condition=go__digit=5__block=-2__phase=practice__practice=1,1399274.506330600,1399274.512456200
dynamic_sart_stimulus_onset__v=1__trial=-51__condition=go__digit=4__block=-2__phase=practice__practice=1,1399274.898017900,1399274.898558900
dynamic_sart_stimulus_offset__v=1__trial=-51__condition=go__digit=4__block=-2__phase=practice__practice=1,1399275.150459400,1399275.150859000
dynamic_sart_response_window_close__v=1__trial=-51__condition=go__digit=4__block=-2__phase=practice__practice=1,1399276.507533400,1399276.507834400
dynamic_sart_trial_complete__v=1__trial=-51__condition=go__digit=4__block=-2__phase=practice__practice=1,1399276.507533400,1399276.515542400
dynamic_sart_stimulus_onset__v=1__trial=-52__condition=no_go__digit=3__block=-2__phase=practice__practice=1,1399276.906943600,1399276.907295000
dynamic_sart_stimulus_offset__v=1__trial=-52__condition=no_go__digit=3__block=-2__phase=practice__practice=1,1399277.166884800,1399277.167218000
dynamic_sart_response_window_close__v=1__trial=-52__condition=no_go__digit=3__block=-2__phase=practice__practice=1,1399278.506838800,1399278.507443800
dynamic_sart_trial_complete__v=1__trial=-52__condition=no_go__digit=3__block=-2__phase=practice__practice=1,1399278.506838800,1399278.513066900
dynamic_sart_stimulus_onset__v=1__trial=-53__condition=go__digit=0__block=-2__phase=practice__practice=1,1399278.898539600,1399278.899299300
dynamic_sart_stimulus_offset__v=1__trial=-53__condition=go__digit=0__block=-2__phase=practice__practice=1,1399279.153715200,1399279.153924400
dynamic_sart_response_window_close__v=1__trial=-53__condition=go__digit=0__block=-2__phase=practice__practice=1,1399280.508159000,1399280.508476900
dynamic_sart_trial_complete__v=1__trial=-53__condition=go__digit=0__block=-2__phase=practice__practice=1,1399280.508159000,1399280.513826100
dynamic_sart_stimulus_onset__v=1__trial=-54__condition=no_go__digit=3__block=-2__phase=practice__practice=1,1399280.908055600,1399280.908423600
dynamic_sart_stimulus_offset__v=1__trial=-54__condition=no_go__digit=3__block=-2__phase=practice__practice=1,1399281.165257100,1399281.165525200
dynamic_sart_response_window_close__v=1__trial=-54__condition=no_go__digit=3__block=-2__phase=practice__practice=1,1399282.506403900,1399282.506724000
dynamic_sart_trial_complete__v=1__trial=-54__condition=no_go__digit=3__block=-2__phase=practice__practice=1,1399282.506403900,1399282.512747700
dynamic_sart_stimulus_onset__v=1__trial=-55__condition=go__digit=9__block=-2__phase=practice__practice=1,1399282.892970600,1399282.893200800
dynamic_sart_stimulus_offset__v=1__trial=-55__condition=go__digit=9__block=-2__phase=practice__practice=1,1399283.148112500,1399283.148481100
dynamic_sart_response_window_close__v=1__trial=-55__condition=go__digit=9__block=-2__phase=practice__practice=1,1399284.506576100,1399284.506880900
dynamic_sart_trial_complete__v=1__trial=-55__condition=go__digit=9__block=-2__phase=practice__practice=1,1399284.506576100,1399284.511704100
dynamic_sart_stimulus_onset__v=1__trial=-56__condition=go__digit=7__block=-2__phase=practice__practice=1,1399284.893950000,1399284.894204600
dynamic_sart_stimulus_offset__v=1__trial=-56__condition=go__digit=7__block=-2__phase=practice__practice=1,1399285.148465900,1399285.148906800
dynamic_sart_response_window_close__v=1__trial=-56__condition=go__digit=7__block=-2__phase=practice__practice=1,1399286.509077200,1399286.509264400
dynamic_sart_trial_complete__v=1__trial=-56__condition=go__digit=7__block=-2__phase=practice__practice=1,1399286.509077200,1399286.517752400
dynamic_sart_stimulus_onset__v=1__trial=-57__condition=go__digit=6__block=-2__phase=practice__practice=1,1399286.906378700,1399286.906952300
dynamic_sart_stimulus_offset__v=1__trial=-57__condition=go__digit=6__block=-2__phase=practice__practice=1,1399287.167241800,1399287.167573900
dynamic_sart_response_window_close__v=1__trial=-57__condition=go__digit=6__block=-2__phase=practice__practice=1,1399288.506613500,1399288.506835900
dynamic_sart_trial_complete__v=1__trial=-57__condition=go__digit=6__block=-2__phase=practice__practice=1,1399288.506613500,1399288.513093200
dynamic_sart_stimulus_onset__v=1__trial=-58__condition=go__digit=2__block=-2__phase=practice__practice=1,1399288.891046100,1399288.891493700
dynamic_sart_stimulus_offset__v=1__trial=-58__condition=go__digit=2__block=-2__phase=practice__practice=1,1399289.149125600,1399289.149350500
dynamic_sart_response_window_close__v=1__trial=-58__condition=go__digit=2__block=-2__phase=practice__practice=1,1399290.506692200,1399290.506976000
dynamic_sart_trial_complete__v=1__trial=-58__condition=go__digit=2__block=-2__phase=practice__practice=1,1399290.506692200,1399290.512783800
dynamic_sart_stimulus_onset__v=1__trial=-59__condition=go__digit=5__block=-2__phase=practice__practice=1,1399290.897858600,1399290.898234300
dynamic_sart_stimulus_offset__v=1__trial=-59__condition=go__digit=5__block=-2__phase=practice__practice=1,1399291.148012100,1399291.148272400
dynamic_sart_response_window_close__v=1__trial=-59__condition=go__digit=5__block=-2__phase=practice__practice=1,1399292.506369900,1399292.506663700
dynamic_sart_trial_complete__v=1__trial=-59__condition=go__digit=5__block=-2__phase=practice__practice=1,1399292.506369900,1399292.512633600
dynamic_sart_stimulus_onset__v=1__trial=-60__condition=go__digit=8__block=-2__phase=practice__practice=1,1399292.897935400,1399292.898133600
dynamic_sart_stimulus_offset__v=1__trial=-60__condition=go__digit=8__block=-2__phase=practice__practice=1,1399293.150814300,1399293.151182800
dynamic_sart_response_window_close__v=1__trial=-60__condition=go__digit=8__block=-2__phase=practice__practice=1,1399294.506366700,1399294.506671800
dynamic_sart_trial_complete__v=1__trial=-60__condition=go__digit=8__block=-2__phase=practice__practice=1,1399294.506366700,1399294.512505100
dynamic_sart_practice_end,1399294.903193500,1399294.903394900
dynamic_sart_countdown_start,1399294.909993400,1399294.910328100
dynamic_sart_countdown_step__step=1__value=5,1399294.942919200,1399294.943244400
dynamic_sart_countdown_step__step=2__value=4,1399295.961818600,1399295.962086000
dynamic_sart_countdown_step__step=3__value=3,1399296.989795100,1399296.990058200
dynamic_sart_countdown_step__step=4__value=2,1399298.022982700,1399298.023336400
dynamic_sart_countdown_step__step=5__value=1,1399299.040380700,1399299.040661000
dynamic_sart_countdown_step__step=6__value=GO,1399300.074316200,1399300.074577800
dynamic_sart_countdown_end,1399301.077090500,1399301.077396300
dynamic_sart_block_start__block=1__phase=support,1399301.083367400,1399301.083490600
dynamic_sart_stimulus_onset__v=1__trial=1__condition=go__digit=1__block=1__phase=support__segment=session1_main__practice=0,1399301.107877000,1399301.108231000
dynamic_sart_stimulus_offset__v=1__trial=1__condition=go__digit=1__block=1__phase=support__segment=session1_main__practice=0,1399301.367296600,1399301.367762400
dynamic_sart_response_window_close__v=1__trial=1__condition=go__digit=1__block=1__phase=support__segment=session1_main__practice=0,1399302.706837000,1399302.707155600
dynamic_sart_stimulus_onset__v=1__trial=2__condition=go__digit=5__block=1__phase=support__segment=session1_main__practice=0,1399302.706879000,1399302.707341100
dynamic_sart_trial_complete__v=1__trial=1__condition=go__digit=1__block=1__phase=support__segment=session1_main__practice=0,1399302.706837000,1399302.713073600
dynamic_sart_stimulus_offset__v=1__trial=2__condition=go__digit=5__block=1__phase=support__segment=session1_main__practice=0,1399302.956141700,1399302.956735500
dynamic_sart_response_window_close__v=1__trial=2__condition=go__digit=5__block=1__phase=support__segment=session1_main__practice=0,1399304.306512900,1399304.307063200
dynamic_sart_stimulus_onset__v=1__trial=3__condition=go__digit=9__block=1__phase=support__segment=session1_main__practice=0,1399304.306558100,1399304.307247900
dynamic_sart_trial_complete__v=1__trial=2__condition=go__digit=5__block=1__phase=support__segment=session1_main__practice=0,1399304.306512900,1399304.312937000
dynamic_sart_stimulus_offset__v=1__trial=3__condition=go__digit=9__block=1__phase=support__segment=session1_main__practice=0,1399304.547952700,1399304.548455800
dynamic_sart_response_window_close__v=1__trial=3__condition=go__digit=9__block=1__phase=support__segment=session1_main__practice=0,1399305.897956500,1399305.898778700
dynamic_sart_stimulus_onset__v=1__trial=4__condition=go__digit=8__block=1__phase=support__segment=session1_main__practice=0,1399305.897996000,1399305.898958400
dynamic_sart_trial_complete__v=1__trial=3__condition=go__digit=9__block=1__phase=support__segment=session1_main__practice=0,1399305.897956500,1399305.904389000
dynamic_sart_stimulus_offset__v=1__trial=4__condition=go__digit=8__block=1__phase=support__segment=session1_main__practice=0,1399306.148084500,1399306.148588900
dynamic_sart_response_window_close__v=1__trial=4__condition=go__digit=8__block=1__phase=support__segment=session1_main__practice=0,1399307.506306500,1399307.506626100
dynamic_sart_stimulus_onset__v=1__trial=5__condition=go__digit=0__block=1__phase=support__segment=session1_main__practice=0,1399307.506353300,1399307.506823200
dynamic_sart_trial_complete__v=1__trial=4__condition=go__digit=8__block=1__phase=support__segment=session1_main__practice=0,1399307.506306500,1399307.516507000
dynamic_sart_stimulus_offset__v=1__trial=5__condition=go__digit=0__block=1__phase=support__segment=session1_main__practice=0,1399307.757116700,1399307.757323800
dynamic_sart_response_window_close__v=1__trial=5__condition=go__digit=0__block=1__phase=support__segment=session1_main__practice=0,1399309.098128000,1399309.098364400
dynamic_sart_stimulus_onset__v=1__trial=6__condition=no_go__digit=3__block=1__phase=support__segment=session1_main__practice=0,1399309.098166100,1399309.098533700
dynamic_sart_trial_complete__v=1__trial=5__condition=go__digit=0__block=1__phase=support__segment=session1_main__practice=0,1399309.098128000,1399309.104798600
dynamic_sart_stimulus_offset__v=1__trial=6__condition=no_go__digit=3__block=1__phase=support__segment=session1_main__practice=0,1399309.348161500,1399309.348638300
dynamic_sart_response_window_close__v=1__trial=6__condition=no_go__digit=3__block=1__phase=support__segment=session1_main__practice=0,1399310.690713200,1399310.691026800
dynamic_sart_stimulus_onset__v=1__trial=7__condition=go__digit=7__block=1__phase=support__segment=session1_main__practice=0,1399310.690755400,1399310.691199700
dynamic_sart_trial_complete__v=1__trial=6__condition=no_go__digit=3__block=1__phase=support__segment=session1_main__practice=0,1399310.690713200,1399310.697462900
dynamic_sart_stimulus_offset__v=1__trial=7__condition=go__digit=7__block=1__phase=support__segment=session1_main__practice=0,1399310.948502300,1399310.948978400
dynamic_sart_response_window_close__v=1__trial=7__condition=go__digit=7__block=1__phase=support__segment=session1_main__practice=0,1399312.298462800,1399312.298759600
dynamic_sart_stimulus_onset__v=1__trial=8__condition=go__digit=2__block=1__phase=support__segment=session1_main__practice=0,1399312.298505700,1399312.298945600
dynamic_sart_trial_complete__v=1__trial=7__condition=go__digit=7__block=1__phase=support__segment=session1_main__practice=0,1399312.298462800,1399312.304939100
dynamic_sart_stimulus_offset__v=1__trial=8__condition=go__digit=2__block=1__phase=support__segment=session1_main__practice=0,1399312.548227000,1399312.548421800
dynamic_sart_response_window_close__v=1__trial=8__condition=go__digit=2__block=1__phase=support__segment=session1_main__practice=0,1399313.898412900,1399313.898722300
dynamic_sart_stimulus_onset__v=1__trial=9__condition=go__digit=6__block=1__phase=support__segment=session1_main__practice=0,1399313.898456100,1399313.898895200
dynamic_sart_trial_complete__v=1__trial=8__condition=go__digit=2__block=1__phase=support__segment=session1_main__practice=0,1399313.898412900,1399313.904843400
dynamic_sart_stimulus_offset__v=1__trial=9__condition=go__digit=6__block=1__phase=support__segment=session1_main__practice=0,1399314.148350200,1399314.148602100
dynamic_sart_response_window_close__v=1__trial=9__condition=go__digit=6__block=1__phase=support__segment=session1_main__practice=0,1399315.507121500,1399315.507430000
dynamic_sart_stimulus_onset__v=1__trial=10__condition=go__digit=4__block=1__phase=support__segment=session1_main__practice=0,1399315.507160800,1399315.507617500
dynamic_sart_trial_complete__v=1__trial=9__condition=go__digit=6__block=1__phase=support__segment=session1_main__practice=0,1399315.507121500,1399315.513568600
dynamic_sart_stimulus_offset__v=1__trial=10__condition=go__digit=4__block=1__phase=support__segment=session1_main__practice=0,1399315.763705400,1399315.764233000
dynamic_sart_response_window_close__v=1__trial=10__condition=go__digit=4__block=1__phase=support__segment=session1_main__practice=0,1399317.098304300,1399317.098595000
dynamic_sart_trial_complete__v=1__trial=10__condition=go__digit=4__block=1__phase=support__segment=session1_main__practice=0,1399317.098304300,1399317.104414600
dynamic_sart_block_end__block=1__phase=support,1399317.108101900,1399317.108247100
dynamic_sart_support_complete,1399317.179512600,1399317.179730200
dynamic_sart_block_start__block=2__phase=query,1399317.184209600,1399317.184386300
dynamic_sart_stimulus_onset__v=1__trial=11__condition=go__digit=4__block=2__phase=query__segment=session1_main__practice=0,1399317.210123700,1399317.210509100
dynamic_sart_stimulus_offset__v=1__trial=11__condition=go__digit=4__block=2__phase=query__segment=session1_main__practice=0,1399317.457181400,1399317.457770900
dynamic_sart_response_window_close__v=1__trial=11__condition=go__digit=4__block=2__phase=query__segment=session1_main__practice=0,1399318.809081000,1399318.809436200
dynamic_sart_stimulus_onset__v=1__trial=12__condition=go__digit=2__block=2__phase=query__segment=session1_main__practice=0,1399318.809122900,1399318.809617900
dynamic_sart_trial_complete__v=1__trial=11__condition=go__digit=4__block=2__phase=query__segment=session1_main__practice=0,1399318.809081000,1399318.815885500
dynamic_sart_stimulus_offset__v=1__trial=12__condition=go__digit=2__block=2__phase=query__segment=session1_main__practice=0,1399319.050692100,1399319.051277300
dynamic_sart_response_window_close__v=1__trial=12__condition=go__digit=2__block=2__phase=query__segment=session1_main__practice=0,1399320.399197500,1399320.399504200
dynamic_sart_stimulus_onset__v=1__trial=13__condition=go__digit=1__block=2__phase=query__segment=session1_main__practice=0,1399320.399237900,1399320.399665700
dynamic_sart_trial_complete__v=1__trial=12__condition=go__digit=2__block=2__phase=query__segment=session1_main__practice=0,1399320.399197500,1399320.405317700
dynamic_sart_stimulus_offset__v=1__trial=13__condition=go__digit=1__block=2__phase=query__segment=session1_main__practice=0,1399320.650620600,1399320.651200000
dynamic_sart_response_window_close__v=1__trial=13__condition=go__digit=1__block=2__phase=query__segment=session1_main__practice=0,1399322.008639200,1399322.008943500
dynamic_sart_stimulus_onset__v=1__trial=14__condition=go__digit=5__block=2__phase=query__segment=session1_main__practice=0,1399322.008681700,1399322.009123900
dynamic_sart_trial_complete__v=1__trial=13__condition=go__digit=1__block=2__phase=query__segment=session1_main__practice=0,1399322.008639200,1399322.015246800
dynamic_sart_stimulus_offset__v=1__trial=14__condition=go__digit=5__block=2__phase=query__segment=session1_main__practice=0,1399322.256560900,1399322.257142500
dynamic_sart_response_window_close__v=1__trial=14__condition=go__digit=5__block=2__phase=query__segment=session1_main__practice=0,1399323.598496800,1399323.598838100
dynamic_sart_stimulus_onset__v=1__trial=15__condition=no_go__digit=3__block=2__phase=query__segment=session1_main__practice=0,1399323.598540300,1399323.599041300
dynamic_sart_trial_complete__v=1__trial=14__condition=go__digit=5__block=2__phase=query__segment=session1_main__practice=0,1399323.598496800,1399323.604296100
dynamic_sart_stimulus_offset__v=1__trial=15__condition=no_go__digit=3__block=2__phase=query__segment=session1_main__practice=0,1399323.848257600,1399323.848870300
dynamic_sart_response_window_close__v=1__trial=15__condition=no_go__digit=3__block=2__phase=query__segment=session1_main__practice=0,1399325.189715600,1399325.190047800
dynamic_sart_stimulus_onset__v=1__trial=16__condition=go__digit=9__block=2__phase=query__segment=session1_main__practice=0,1399325.189754900,1399325.190333600
dynamic_sart_trial_complete__v=1__trial=15__condition=no_go__digit=3__block=2__phase=query__segment=session1_main__practice=0,1399325.189715600,1399325.196920400
dynamic_sart_stimulus_offset__v=1__trial=16__condition=go__digit=9__block=2__phase=query__segment=session1_main__practice=0,1399325.441506100,1399325.442095600
dynamic_sart_response_window_close__v=1__trial=16__condition=go__digit=9__block=2__phase=query__segment=session1_main__practice=0,1399326.799114700,1399326.799450300
dynamic_sart_stimulus_onset__v=1__trial=17__condition=go__digit=0__block=2__phase=query__segment=session1_main__practice=0,1399326.799154400,1399326.799642500
dynamic_sart_trial_complete__v=1__trial=16__condition=go__digit=9__block=2__phase=query__segment=session1_main__practice=0,1399326.799114700,1399326.805610000
dynamic_sart_stimulus_offset__v=1__trial=17__condition=go__digit=0__block=2__phase=query__segment=session1_main__practice=0,1399327.056282600,1399327.056542900
dynamic_sart_response_window_close__v=1__trial=17__condition=go__digit=0__block=2__phase=query__segment=session1_main__practice=0,1399328.399044800,1399328.399360000
dynamic_sart_stimulus_onset__v=1__trial=18__condition=go__digit=6__block=2__phase=query__segment=session1_main__practice=0,1399328.399088100,1399328.399606300
dynamic_sart_trial_complete__v=1__trial=17__condition=go__digit=0__block=2__phase=query__segment=session1_main__practice=0,1399328.399044800,1399328.408762400
dynamic_sart_stimulus_offset__v=1__trial=18__condition=go__digit=6__block=2__phase=query__segment=session1_main__practice=0,1399328.650475600,1399328.651064000
dynamic_sart_response_window_close__v=1__trial=18__condition=go__digit=6__block=2__phase=query__segment=session1_main__practice=0,1399330.010525500,1399330.010828000
dynamic_sart_stimulus_onset__v=1__trial=19__condition=go__digit=8__block=2__phase=query__segment=session1_main__practice=0,1399330.010567000,1399330.011004300
dynamic_sart_trial_complete__v=1__trial=18__condition=go__digit=6__block=2__phase=query__segment=session1_main__practice=0,1399330.010525500,1399330.017040200
dynamic_sart_stimulus_offset__v=1__trial=19__condition=go__digit=8__block=2__phase=query__segment=session1_main__practice=0,1399330.261456500,1399330.261657800
dynamic_sart_response_window_close__v=1__trial=19__condition=go__digit=8__block=2__phase=query__segment=session1_main__practice=0,1399331.597810600,1399331.598155700
dynamic_sart_stimulus_onset__v=1__trial=20__condition=go__digit=7__block=2__phase=query__segment=session1_main__practice=0,1399331.597850300,1399331.598396800
dynamic_sart_trial_complete__v=1__trial=19__condition=go__digit=8__block=2__phase=query__segment=session1_main__practice=0,1399331.597810600,1399331.604838200
dynamic_sart_stimulus_offset__v=1__trial=20__condition=go__digit=7__block=2__phase=query__segment=session1_main__practice=0,1399331.850996800,1399331.851346900
dynamic_sart_response_window_close__v=1__trial=20__condition=go__digit=7__block=2__phase=query__segment=session1_main__practice=0,1399333.189744200,1399333.190069300
dynamic_sart_trial_complete__v=1__trial=20__condition=go__digit=7__block=2__phase=query__segment=session1_main__practice=0,1399333.189744200,1399333.196415800
dynamic_sart_block_end__block=2__phase=query,1399333.200513000,1399333.200615800
dynamic_sart_break_start__block=2,1399333.237610900,1399333.237876600
dynamic_sart_break_end__block=2,1399333.258399400,1399333.258955000
dynamic_sart_block_start__block=3__phase=query,1399333.265040900,1399333.265233800
dynamic_sart_stimulus_onset__v=1__trial=21__condition=go__digit=9__block=3__phase=query__segment=session1_main__practice=0,1399333.293532400,1399333.293983200
dynamic_sart_stimulus_offset__v=1__trial=21__condition=go__digit=9__block=3__phase=query__segment=session1_main__practice=0,1399333.539621900,1399333.540096100
dynamic_sart_response_window_close__v=1__trial=21__condition=go__digit=9__block=3__phase=query__segment=session1_main__practice=0,1399334.882401600,1399334.882713000
dynamic_sart_stimulus_onset__v=1__trial=22__condition=go__digit=4__block=3__phase=query__segment=session1_main__practice=0,1399334.882445300,1399334.882860100
dynamic_sart_trial_complete__v=1__trial=21__condition=go__digit=9__block=3__phase=query__segment=session1_main__practice=0,1399334.882401600,1399334.889329100
dynamic_sart_stimulus_offset__v=1__trial=22__condition=go__digit=4__block=3__phase=query__segment=session1_main__practice=0,1399335.134463200,1399335.135021000
dynamic_sart_response_window_close__v=1__trial=22__condition=go__digit=4__block=3__phase=query__segment=session1_main__practice=0,1399336.473037300,1399336.473344200
dynamic_sart_stimulus_onset__v=1__trial=23__condition=go__digit=1__block=3__phase=query__segment=session1_main__practice=0,1399336.473078200,1399336.473536500
dynamic_sart_trial_complete__v=1__trial=22__condition=go__digit=4__block=3__phase=query__segment=session1_main__practice=0,1399336.473037300,1399336.479281700
dynamic_sart_stimulus_offset__v=1__trial=23__condition=go__digit=1__block=3__phase=query__segment=session1_main__practice=0,1399336.725480200,1399336.725962300
dynamic_sart_response_window_close__v=1__trial=23__condition=go__digit=1__block=3__phase=query__segment=session1_main__practice=0,1399338.065032100,1399338.065387300
dynamic_sart_stimulus_onset__v=1__trial=24__condition=go__digit=8__block=3__phase=query__segment=session1_main__practice=0,1399338.065080800,1399338.065573400
dynamic_sart_trial_complete__v=1__trial=23__condition=go__digit=1__block=3__phase=query__segment=session1_main__practice=0,1399338.065032100,1399338.071490900
dynamic_sart_stimulus_offset__v=1__trial=24__condition=go__digit=8__block=3__phase=query__segment=session1_main__practice=0,1399338.325971200,1399338.326433800
dynamic_sart_response_window_close__v=1__trial=24__condition=go__digit=8__block=3__phase=query__segment=session1_main__practice=0,1399339.683704700,1399339.684046100
dynamic_sart_stimulus_onset__v=1__trial=25__condition=go__digit=2__block=3__phase=query__segment=session1_main__practice=0,1399339.683751100,1399339.684264300
dynamic_sart_trial_complete__v=1__trial=24__condition=go__digit=8__block=3__phase=query__segment=session1_main__practice=0,1399339.683704700,1399339.693957500
dynamic_sart_stimulus_offset__v=1__trial=25__condition=go__digit=2__block=3__phase=query__segment=session1_main__practice=0,1399339.931236600,1399339.931707900
dynamic_sart_response_window_close__v=1__trial=25__condition=go__digit=2__block=3__phase=query__segment=session1_main__practice=0,1399341.277705300,1399341.278013700
dynamic_sart_stimulus_onset__v=1__trial=26__condition=no_go__digit=3__block=3__phase=query__segment=session1_main__practice=0,1399341.277751200,1399341.278169000
dynamic_sart_trial_complete__v=1__trial=25__condition=go__digit=2__block=3__phase=query__segment=session1_main__practice=0,1399341.277705300,1399341.284413800
dynamic_sart_stimulus_offset__v=1__trial=26__condition=no_go__digit=3__block=3__phase=query__segment=session1_main__practice=0,1399341.528198100,1399341.528686400
dynamic_sart_response_window_close__v=1__trial=26__condition=no_go__digit=3__block=3__phase=query__segment=session1_main__practice=0,1399342.888531500,1399342.888874700
dynamic_sart_stimulus_onset__v=1__trial=27__condition=go__digit=7__block=3__phase=query__segment=session1_main__practice=0,1399342.888575800,1399342.889083800
dynamic_sart_trial_complete__v=1__trial=26__condition=no_go__digit=3__block=3__phase=query__segment=session1_main__practice=0,1399342.888531500,1399342.895226600
dynamic_sart_stimulus_offset__v=1__trial=27__condition=go__digit=7__block=3__phase=query__segment=session1_main__practice=0,1399343.152670400,1399343.152868000
dynamic_sart_response_window_close__v=1__trial=27__condition=go__digit=7__block=3__phase=query__segment=session1_main__practice=0,1399344.506947300,1399344.507281100
dynamic_sart_stimulus_onset__v=1__trial=28__condition=go__digit=5__block=3__phase=query__segment=session1_main__practice=0,1399344.506994300,1399344.507491500
dynamic_sart_trial_complete__v=1__trial=27__condition=go__digit=7__block=3__phase=query__segment=session1_main__practice=0,1399344.506947300,1399344.513843700
dynamic_sart_stimulus_offset__v=1__trial=28__condition=go__digit=5__block=3__phase=query__segment=session1_main__practice=0,1399344.760791600,1399344.761279300
dynamic_sart_response_window_close__v=1__trial=28__condition=go__digit=5__block=3__phase=query__segment=session1_main__practice=0,1399346.099894000,1399346.100211200
dynamic_sart_stimulus_onset__v=1__trial=29__condition=go__digit=6__block=3__phase=query__segment=session1_main__practice=0,1399346.099936400,1399346.100360000
dynamic_sart_trial_complete__v=1__trial=28__condition=go__digit=5__block=3__phase=query__segment=session1_main__practice=0,1399346.099894000,1399346.106546400
dynamic_sart_stimulus_offset__v=1__trial=29__condition=go__digit=6__block=3__phase=query__segment=session1_main__practice=0,1399346.349261400,1399346.349913800
dynamic_sart_response_window_close__v=1__trial=29__condition=go__digit=6__block=3__phase=query__segment=session1_main__practice=0,1399347.696026900,1399347.696356600
dynamic_sart_stimulus_onset__v=1__trial=30__condition=go__digit=0__block=3__phase=query__segment=session1_main__practice=0,1399347.696069500,1399347.696577700
dynamic_sart_trial_complete__v=1__trial=29__condition=go__digit=6__block=3__phase=query__segment=session1_main__practice=0,1399347.696026900,1399347.702970800
dynamic_sart_stimulus_offset__v=1__trial=30__condition=go__digit=0__block=3__phase=query__segment=session1_main__practice=0,1399347.947848000,1399347.948379800
dynamic_sart_response_window_close__v=1__trial=30__condition=go__digit=0__block=3__phase=query__segment=session1_main__practice=0,1399349.297734400,1399349.298023800
dynamic_sart_trial_complete__v=1__trial=30__condition=go__digit=0__block=3__phase=query__segment=session1_main__practice=0,1399349.297734400,1399349.303894200
dynamic_sart_timing_warning__block=3,1399349.307951500,1399349.308122300
dynamic_sart_block_end__block=3__phase=query,1399349.314029700,1399349.314569500
dynamic_sart_task_end,1399349.349536100,1399349.349741200
