schema_version,schema,task_name,task_version,session_id,participant_id,global_trial_index,block_index,block_trial_index,block_name,phase,study_segment,regime,is_practice,sequence_id,master_seed,block_seed,digit,condition,is_no_go,expected_action,stimulus_marker_label,planned_stimulus_seconds,planned_post_digit_fixation_seconds,planned_response_window_seconds,planned_jitter_seconds,planned_soi_seconds,cue_opportunity,cue_opportunity_index,cue_randomization_block_index,cue_assignment,planned_break_after_trial,planned_break_minimum_seconds,planned_break_maximum_seconds,planned_onset_offset_seconds,stimulus_onset_monotonic,stimulus_onset_lsl,stimulus_offset_monotonic,stimulus_offset_lsl,scheduled_response_window_close_monotonic,scheduled_response_window_close_lsl,response_window_close_monotonic,response_window_close_lsl,response_window_close_overshoot_seconds,scheduled_next_trial_onset_monotonic,actual_next_trial_onset_monotonic,actual_next_trial_onset_lsl,next_trial_onset_monotonic,actual_stimulus_seconds,actual_response_window_seconds,actual_trial_duration_seconds,actual_trial_duration_lsl_seconds,timing_semantics_version,timing_finalization_status,display_timing_status,expected_visual_onset_uncertainty_ms,all_key_event_ids,first_response_key,first_response_timestamp_monotonic,first_response_timestamp_lsl,first_valid_response_key,first_valid_response_timestamp_monotonic,reaction_time_seconds,response_count,response_key_count,primary_outcome,correct,commission_error,omission_error,premature_response,too_fast_response,multiple_response,wrong_key_response,late_response,aborted,invalid,time_on_task_seconds,time_since_break_seconds,previous_trial_index,trials_since_no_go,probe_id,probe_proximity,applied_task_actions,eeg_quality_join_key,presented
3,eegle.dynamic_sart.trial.v4,dynamic_sart,1.3,run-20260820T161425,tested,-1,-1,1,practice_1,practice,,standard,1,237942804d5e24dc51a11ff9281243bab0f3fb0afd493a5da2f3cce232c141d1,6814534644143003232,11553147695168021572,4,go,0,press,dynamic_sart_stimulus_onset__v=1__trial=-1__condition=go__digit=4__block=-1__phase=practice__practice=1,0.25,1.35,1.6,0.0,1.6,0,,,,0,,,,1399169.203,1399169.391748,1399169.453,1399169.6508629,1399170.803,1399170.991748,1399170.812,1399171.0111978,0.008999999845400453,1399170.803,,,,0.25,1.6089999999385327,,,2,awaiting_next_stimulus_flip,measured,4.148969997186214,"[""key-00000002""]",space,1399170.3626531,1399170.5514722,space,1399170.3626531,1.1596530999522656,1,1,correct_go,1,0,0,0,0,0,0,0,0,0,2.375,,,,,,[],dynamic_sart:-1,1
3,eegle.dynamic_sart.trial.v4,dynamic_sart,1.3,run-20260820T161425,tested,-2,-1,2,practice_1,practice,,standard,1,237942804d5e24dc51a11ff9281243bab0f3fb0afd493a5da2f3cce232c141d1,6814534644143003232,11553147695168021572,5,go,0,press,dynamic_sart_stimulus_onset__v=1__trial=-2__condition=go__digit=5__block=-1__phase=practice__practice=1,0.25,1.35,1.6,0.0,1.6,0,,,,0,,,,1399171.218,1399171.411488,1399171.468,1399171.6650587,1399172.8180000002,1399173.0114880002,1399172.812,1399173.0093496,0.0,1399172.8180000002,,,,0.25,1.5939999998081475,,,2,awaiting_next_stimulus_flip,measured,4.148969997186214,"[""key-00000003""]",space,1399171.6422882,1399171.8311073002,space,1399171.6422882,0.42428819998167455,1,1,correct_go,1,0,0,0,0,0,0,0,0,0,4.390000000130385,,,,,,[],dynamic_sart:-2,1
3,eegle.dynamic_sart.trial.v4,dynamic_sart,1.3,run-20260820T161425,tested,-3,-1,3,practice_1,practice,,standard,1,237942804d5e24dc51a11ff9281243bab0f3fb0afd493a5da2f3cce232c141d1,6814534644143003232,11553147695168021572,6,go,0,press,dynamic_sart_stimulus_onset__v=1__trial=-3__condition=go__digit=6__block=-1__phase=practice__practice=1,0.25,1.35,1.6,0.0,1.6,0,,,,0,,,,1399173.218,1399173.4092414,1399173.468,1399173.6655233,1399174.8180000002,1399175.0092414,1399174.812,1399175.0093661,0.0,1399174.8180000002,,,,0.25,1.5939999998081475,,,2,awaiting_next_stimulus_flip,measured,4.148969997186214,"[""key-00000004""]",space,1399173.6470175,1399173.8358366,space,1399173.6470175,0.42901749978773296,1,1,correct_go,1,0,0,0,0,0,0,0,0,0,6.390000000130385,,,,,,[],dynamic_sart:-3,1
3,eegle.dynamic_sart.trial.v4,dynamic_sart,1.3,run-20260820T161425,tested,-4,-1,4,practice_1,practice,,standard,1,237942804d5e24dc51a11ff9281243bab0f3fb0afd493a5da2f3cce232c141d1,6814534644143003232,11553147695168021572,7,go,0,press,dynamic_sart_stimulus_onset__v=1__trial=-4__condition=go__digit=7__block=-1__phase=practice__practice=1,0.25,1.35,1.6,0.0,1.6,0,,,,0,,,,1399175.218,1399175.406548,1399175.468,1399175.6648574,1399176.8180000002,1399177.006548,1399176.812,1399177.0101568,0.0,1399176.8180000002,,,,0.25,1.5939999998081475,,,2,awaiting_next_stimulus_flip,measured,4.148969997186214,"[""key-00000005""]",space,1399175.6740958,1399175.8629149,space,1399175.6740958,0.4560957998037338,1,1,correct_go,1,0,0,0,0,0,0,0,0,0,8.390000000130385,,,,,,[],dynamic_sart:-4,1
3,eegle.dynamic_sart.trial.v4,dynamic_sart,1.3,run-20260820T161425,tested,-5,-1,5,practice_1,practice,,standard,1,237942804d5e24dc51a11ff9281243bab0f3fb0afd493a5da2f3cce232c141d1,6814534644143003232,11553147695168021572,2,go,0,press,dynamic_sart_stimulus_onset__v=1__trial=-5__condition=go__digit=2__block=-1__phase=practice__practice=1,0.25,1.35,1.6,0.0,1.6,0,,,,0,,,,1399177.218,1399177.4151201,1399177.468,1399177.6648502,1399178.8180000002,1399179.0151201,1399178.812,1399179.0093386,0.0,1399178.8180000002,,,,0.25,1.5939999998081475,,,2,awaiting_next_stimulus_flip,measured,4.148969997186214,"[""key-00000006""]",space,1399177.6568836,1399177.8457027,space,1399177.6568836,0.4388835998252034,1,1,correct_go,1,0,0,0,0,0,0,0,0,0,10.390000000130385,,,,,,[],dynamic_sart:-5,1
3,eegle.dynamic_sart.trial.v4,dynamic_sart,1.3,run-20260820T161425,tested,-6,-1,6,practice_1,practice,,standard,1,237942804d5e24dc51a11ff9281243bab0f3fb0afd493a5da2f3cce232c141d1,6814534644143003232,11553147695168021572,9,go,0,press,dynamic_sart_stimulus_onset__v=1__trial=-6__condition=go__digit=9__block=-1__phase=practice__practice=1,0.25,1.35,1.6,0.0,1.6,0,,,,0,,,,1399179.218,1399179.4149126,1399179.468,1399179.6649347,1399180.8180000002,1399181.0149126002,1399180.812,1399181.0098091,0.0,1399180.8180000002,,,,0.25,1.5939999998081475,,,2,awaiting_next_stimulus_flip,measured,4.148969997186214,"[""key-00000007""]",space,1399179.5943955,1399179.7832146,space,1399179.5943955,0.37639549979940057,1,1,correct_go,1,0,0,0,0,0,0,0,0,0,12.390000000130385,,,,,,[],dynamic_sart:-6,1
3,eegle.dynamic_sart.trial.v4,dynamic_sart,1.3,run-20260820T161425,tested,-7,-1,7,practice_1,practice,,standard,1,237942804d5e24dc51a11ff9281243bab0f3fb0afd493a5da2f3cce232c141d1,6814534644143003232,11553147695168021572,0,go,0,press,dynamic_sart_stimulus_onset__v=1__trial=-7__condition=go__digit=0__block=-1__phase=practice__practice=1,0.25,1.35,1.6,0.0,1.6,0,,,,0,,,,1399181.218,1399181.4090755,1399181.468,1399181.6650541,1399182.8180000002,1399183.0090755,1399182.812,1399183.0065717,0.0,1399182.8180000002,,,,0.25,1.5939999998081475,,,2,awaiting_next_stimulus_flip,measured,4.148969997186214,"[""key-00000008""]",space,1399181.4560957,1399181.6449148,space,1399181.4560957,0.23809569980949163,1,1,correct_go,1,0,0,0,0,0,0,0,0,0,14.390000000130385,,,,,,[],dynamic_sart:-7,1
3,eegle.dynamic_sart.trial.v4,dynamic_sart,1.3,run-20260820T161425,tested,-8,-1,8,practice_1,practice,,standard,1,237942804d5e24dc51a11ff9281243bab0f3fb0afd493a5da2f3cce232c141d1,6814534644143003232,11553147695168021572,1,go,0,press,dynamic_sart_stimulus_onset__v=1__trial=-8__condition=go__digit=1__block=-1__phase=practice__practice=1,0.25,1.35,1.6,0.0,1.6,0,,,,0,,,,1399183.203,1399183.3982558,1399183.453,1399183.6506709,1399184.803,1399184.9982558,1399184.812,1399185.0087879,0.008999999845400453,1399184.803,,,,0.25,1.6089999999385327,,,2,awaiting_next_stimulus_flip,measured,4.148969997186214,"[""key-00000009""]",space,1399183.5039273,1399183.6927464001,space,1399183.5039273,0.3009273000061512,1,1,correct_go,1,0,0,0,0,0,0,0,0,0,16.375,,,,,,[],dynamic_sart:-8,1
3,eegle.dynamic_sart.trial.v4,dynamic_sart,1.3,run-20260820T161425,tested,-9,-1,9,practice_1,practice,,standard,1,237942804d5e24dc51a11ff9281243bab0f3fb0afd493a5da2f3cce232c141d1,6814534644143003232,11553147695168021572,8,go,0,press,dynamic_sart_stimulus_onset__v=1__trial=-9__condition=go__digit=8__block=-1__phase=practice__practice=1,0.25,1.35,1.6,0.0,1.6,0,,,,0,,,,1399185.203,1399185.399083,1399185.453,1399185.6484241,1399186.803,1399186.999083,1399186.812,1399187.0089318,0.008999999845400453,1399186.803,,,,0.25,1.6089999999385327,,,2,awaiting_next_stimulus_flip,measured,4.148969997186214,"[""key-00000010""]",space,1399185.4887617,1399185.6775808001,space,1399185.4887617,0.2857617000117898,1,1,correct_go,1,0,0,0,0,0,0,0,0,0,18.375,,,,,,[],dynamic_sart:-9,1
3,eegle.dynamic_sart.trial.v4,dynamic_sart,1.3,run-20260820T161425,tested,-10,-1,10,practice_1,practice,,standard,1,237942804d5e24dc51a11ff9281243bab0f3fb0afd493a5da2f3cce232c141d1,6814534644143003232,11553147695168021572,5,go,0,press,dynamic_sart_stimulus_onset__v=1__trial=-10__condition=go__digit=5__block=-1__phase=practice__practice=1,0.25,1.35,1.6,0.0,1.6,0,,,,0,,,,1399187.203,1399187.3985339,1399187.453,1399187.6481813,1399188.803,1399188.9985339001,1399188.812,1399189.0094862,0.008999999845400453,1399188.803,,,,0.25,1.6089999999385327,,,2,awaiting_next_stimulus_flip,measured,4.148969997186214,"[""key-00000011""]",space,1399187.4707927,1399187.6596118002,space,1399187.4707927,0.2677927000913769,1,1,correct_go,1,0,0,0,0,0,0,0,0,0,20.375,,,,,,[],dynamic_sart:-10,1
3,eegle.dynamic_sart.trial.v4,dynamic_sart,1.3,run-20260820T161425,tested,-11,-1,11,practice_1,practice,,standard,1,237942804d5e24dc51a11ff9281243bab0f3fb0afd493a5da2f3cce232c141d1,6814534644143003232,11553147695168021572,4,go,0,press,dynamic_sart_stimulus_onset__v=1__trial=-11__condition=go__digit=4__block=-1__phase=practice__practice=1,0.25,1.35,1.6,0.0,1.6,0,,,,0,,,,1399189.218,1399189.4151428,1399189.468,1399189.6652928,1399190.8180000002,1399191.0151428,1399190.812,1399191.0063696,0.0,1399190.8180000002,,,,0.25,1.5939999998081475,,,2,awaiting_next_stimulus_flip,measured,4.148969997186214,"[""key-00000012""]",space,1399189.5450621,1399189.7338812002,space,1399189.5450621,0.3270620999392122,1,1,correct_go,1,0,0,0,0,0,0,0,0,0,22.390000000130385,,,,,,[],dynamic_sart:-11,1
3,eegle.dynamic_sart.trial.v4,dynamic_sart,1.3,run-20260820T161425,tested,-12,-1,12,practice_1,practice,,standard,1,237942804d5e24dc51a11ff9281243bab0f3fb0afd493a5da2f3cce232c141d1,6814534644143003232,11553147695168021572,0,go,0,press,dynamic_sart_stimulus_onset__v=1__trial=-12__condition=go__digit=0__block=-1__phase=practice__practice=1,0.25,1.35,1.6,0.0,1.6,0,,,,0,,,,1399191.203,1399191.3898903,1399191.453,1399191.6507927,1399192.803,1399192.9898903002,1399192.812,1399193.0094712,0.008999999845400453,1399192.803,,,,0.25,1.6089999999385327,,,2,awaiting_next_stimulus_flip,measured,4.148969997186214,"[""key-00000013""]",space,1399191.5063128,1399191.6951319003,space,1399191.5063128,0.30331280012615025,1,1,correct_go,1,0,0,0,0,0,0,0,0,0,24.375,,,,,,[],dynamic_sart:-12,1
3,eegle.dynamic_sart.trial.v4,dynamic_sart,1.3,run-20260820T161425,tested,-13,-1,13,practice_1,practice,,standard,1,237942804d5e24dc51a11ff9281243bab0f3fb0afd493a5da2f3cce232c141d1,6814534644143003232,11553147695168021572,3,no_go,1,withhold,dynamic_sart_stimulus_onset__v=1__trial=-13__condition=no_go__digit=3__block=-1__phase=practice__practice=1,0.25,1.35,1.6,0.0,1.6,0,,,,0,,,,1399193.203,1399193.3902005,1399193.453,1399193.6506393,1399194.803,1399194.9902005,1399194.812,1399195.0092509,0.008999999845400453,1399194.803,,,,0.25,1.6089999999385327,,,2,awaiting_next_stimulus_flip,measured,4.148969997186214,[],,,,,,,0,0,correct_no_go,1,0,0,0,0,0,0,0,0,0,26.375,,,,,,[],dynamic_sart:-13,1
3,eegle.dynamic_sart.trial.v4,dynamic_sart,1.3,run-20260820T161425,tested,-14,-1,14,practice_1,practice,,standard,1,237942804d5e24dc51a11ff9281243bab0f3fb0afd493a5da2f3cce232c141d1,6814534644143003232,11553147695168021572,3,no_go,1,withhold,dynamic_sart_stimulus_onset__v=1__trial=-14__condition=no_go__digit=3__block=-1__phase=practice__practice=1,0.25,1.35,1.6,0.0,1.6,0,,,,0,,,,1399195.218,1399195.4099414,1399195.468,1399195.6648284,1399196.8180000002,1399197.0099414,1399196.812,1399197.0103344,0.0,1399196.8180000002,,,,0.25,1.5939999998081475,,,2,awaiting_next_stimulus_flip,measured,4.148969997186214,"[""key-00000014""]",space,1399195.4391644,1399195.6279835002,space,1399195.4391644,0.22116439999081194,1,1,commission_error,0,1,0,0,0,0,0,0,0,0,28.390000000130385,,,,,,[],dynamic_sart:-14,1
3,eegle.dynamic_sart.trial.v4,dynamic_sart,1.3,run-20260820T161425,tested,-15,-1,15,practice_1,practice,,standard,1,237942804d5e24dc51a11ff9281243bab0f3fb0afd493a5da2f3cce232c141d1,6814534644143003232,11553147695168021572,6,go,0,press,dynamic_sart_stimulus_onset__v=1__trial=-15__condition=go__digit=6__block=-1__phase=practice__practice=1,0.25,1.35,1.6,0.0,1.6,0,,,,0,,,,1399197.218,1399197.4117663,1399197.468,1399197.6653871,1399198.8180000002,1399199.0117663,1399198.812,1399199.0068255,0.0,1399198.8180000002,,,,0.25,1.5939999998081475,,,2,awaiting_next_stimulus_flip,measured,4.148969997186214,"[""key-00000015""]",space,1399197.5407222,1399197.7295413,space,1399197.5407222,0.3227221998386085,1,1,correct_go,1,0,0,0,0,0,0,0,0,0,30.390000000130385,,,,,,[],dynamic_sart:-15,1
3,eegle.dynamic_sart.trial.v4,dynamic_sart,1.3,run-20260820T161425,tested,-16,-1,16,practice_1,practice,,standard,1,237942804d5e24dc51a11ff9281243bab0f3fb0afd493a5da2f3cce232c141d1,6814534644143003232,11553147695168021572,9,go,0,press,dynamic_sart_stimulus_onset__v=1__trial=-16__condition=go__digit=9__block=-1__phase=practice__practice=1,0.25,1.35,1.6,0.0,1.6,0,,,,0,,,,1399199.203,1399199.3912644,1399199.453,1399199.6532497,1399200.803,1399200.9912644,1399200.812,1399201.0111954,0.008999999845400453,1399200.803,,,,0.25,1.6089999999385327,,,2,awaiting_next_stimulus_flip,measured,4.148969997186214,"[""key-00000016""]",space,1399199.4988495,1399199.6876686001,space,1399199.4988495,0.2958494999911636,1,1,correct_go,1,0,0,0,0,0,0,0,0,0,32.375,,,,,,[],dynamic_sart:-16,1
3,eegle.dynamic_sart.trial.v4,dynamic_sart,1.3,run-20260820T161425,tested,-17,-1,17,practice_1,practice,,standard,1,237942804d5e24dc51a11ff9281243bab0f3fb0afd493a5da2f3cce232c141d1,6814534644143003232,11553147695168021572,7,go,0,press,dynamic_sart_stimulus_onset__v=1__trial=-17__condition=go__digit=7__block=-1__phase=practice__practice=1,0.25,1.35,1.6,0.0,1.6,0,,,,0,,,,1399201.234,1399201.4201185,1399201.484,1399201.6735523,1399202.834,1399203.0201185,1399202.828,1399203.0233784,0.0,1399202.834,,,,0.25,1.5940000000409782,,,2,awaiting_next_stimulus_flip,measured,4.148969997186214,"[""key-00000017""]",space,1399201.5264596,1399201.7152787002,space,1399201.5264596,0.2924596001394093,1,1,correct_go,1,0,0,0,0,0,0,0,0,0,34.40599999995902,,,,,,[],dynamic_sart:-17,1
3,eegle.dynamic_sart.trial.v4,dynamic_sart,1.3,run-20260820T161425,tested,-18,-1,18,practice_1,practice,,standard,1,237942804d5e24dc51a11ff9281243bab0f3fb0afd493a5da2f3cce232c141d1,6814534644143003232,11553147695168021572,3,no_go,1,withhold,dynamic_sart_stimulus_onset__v=1__trial=-18__condition=no_go__digit=3__block=-1__phase=practice__practice=1,0.25,1.35,1.6,0.0,1.6,0,,,,0,,,,1399203.218,1399203.41023,1399203.468,1399203.6564544,1399204.8180000002,1399205.0102300001,1399204.812,1399205.0099193,0.0,1399204.8180000002,,,,0.25,1.5939999998081475,,,2,awaiting_next_stimulus_flip,measured,4.148969997186214,[],,,,,,,0,0,correct_no_go,1,0,0,0,0,0,0,0,0,0,36.390000000130385,,,,,,[],dynamic_sart:-18,1
3,eegle.dynamic_sart.trial.v4,dynamic_sart,1.3,run-20260820T161425,tested,-19,-1,19,practice_1,practice,,standard,1,237942804d5e24dc51a11ff9281243bab0f3fb0afd493a5da2f3cce232c141d1,6814534644143003232,11553147695168021572,8,go,0,press,dynamic_sart_stimulus_onset__v=1__trial=-19__condition=go__digit=8__block=-1__phase=practice__practice=1,0.25,1.35,1.6,0.0,1.6,0,,,,0,,,,1399205.203,1399205.3903798,1399205.453,1399205.6486014,1399206.803,1399206.9903798,1399206.812,1399207.0102298,0.008999999845400453,1399206.803,,,,0.25,1.6089999999385327,,,2,awaiting_next_stimulus_flip,measured,4.148969997186214,"[""key-00000018""]",space,1399205.472481,1399205.6613001002,space,1399205.472481,0.26948100002482533,1,1,correct_go,1,0,0,0,0,0,0,0,0,0,38.375,,,,,,[],dynamic_sart:-19,1
3,eegle.dynamic_sart.trial.v4,dynamic_sart,1.3,run-20260820T161425,tested,-20,-1,20,practice_1,practice,,standard,1,237942804d5e24dc51a11ff9281243bab0f3fb0afd493a5da2f3cce232c141d1,6814534644143003232,11553147695168021572,2,go,0,press,dynamic_sart_stimulus_onset__v=1__trial=-20__condition=go__digit=2__block=-1__phase=practice__practice=1,0.25,1.35,1.6,0.0,1.6,0,,,,0,,,,1399207.218,1399207.4099645,1399207.468,1399207.6648982,1399208.8180000002,1399209.0099645,1399208.812,1399209.0094134,0.0,1399208.8180000002,,,,0.25,1.5939999998081475,,,2,awaiting_next_stimulus_flip,measured,4.148969997186214,"[""key-00000019""]",space,1399207.592121,1399207.7809401,space,1399207.592121,0.37412099982611835,1,1,correct_go,1,0,0,0,0,0,0,0,0,0,40.390000000130385,,,,,,[],dynamic_sart:-20,1
3,eegle.dynamic_sart.trial.v4,dynamic_sart,1.3,run-20260820T161425,tested,-21,-1,21,practice_1,practice,,standard,1,237942804d5e24dc51a11ff9281243bab0f3fb0afd493a5da2f3cce232c141d1,6814534644143003232,11553147695168021572,1,go,0,press,dynamic_sart_stimulus_onset__v=1__trial=-21__condition=go__digit=1__block=-1__phase=practice__practice=1,0.25,1.35,1.6,0.0,1.6,0,,,,0,,,,1399209.218,1399209.4092894,1399209.468,1399209.664789,1399210.8180000002,1399211.0092894002,1399210.812,1399211.0063274,0.0,1399210.8180000002,,,,0.25,1.5939999998081475,,,2,awaiting_next_stimulus_flip,measured,4.148969997186214,"[""key-00000020""]",space,1399209.5207616,1399209.7095807001,space,1399209.5207616,0.30276159988716245,1,1,correct_go,1,0,0,0,0,0,0,0,0,0,42.390000000130385,,,,,,[],dynamic_sart:-21,1
3,eegle.dynamic_sart.trial.v4,dynamic_sart,1.3,run-20260820T161425,tested,-22,-1,22,practice_1,practice,,standard,1,237942804d5e24dc51a11ff9281243bab0f3fb0afd493a5da2f3cce232c141d1,6814534644143003232,11553147695168021572,3,no_go,1,withhold,dynamic_sart_stimulus_onset__v=1__trial=-22__condition=no_go__digit=3__block=-1__phase=practice__practice=1,0.25,1.35,1.6,0.0,1.6,0,,,,0,,,,1399211.203,1399211.3902657,1399211.453,1399211.6482408,1399212.803,1399212.9902657,1399212.812,1399213.0099937,0.008999999845400453,1399212.803,,,,0.25,1.6089999999385327,,,2,awaiting_next_stimulus_flip,measured,4.148969997186214,"[""key-00000021""]",space,1399211.4752969,1399211.664116,space,1399211.4752969,0.2722968999296427,1,1,commission_error,0,1,0,0,0,0,0,0,0,0,44.375,,,,,,[],dynamic_sart:-22,1
3,eegle.dynamic_sart.trial.v4,dynamic_sart,1.3,run-20260820T161425,tested,-23,-1,23,practice_1,practice,,standard,1,237942804d5e24dc51a11ff9281243bab0f3fb0afd493a5da2f3cce232c141d1,6814534644143003232,11553147695168021572,6,go,0,press,dynamic_sart_stimulus_onset__v=1__trial=-23__condition=go__digit=6__block=-1__phase=practice__practice=1,0.25,1.35,1.6,0.0,1.6,0,,,,0,,,,1399213.218,1399213.4175227,1399213.468,1399213.6650673,1399214.8180000002,1399215.0175227001,1399214.812,1399215.0070785,0.0,1399214.8180000002,,,,0.25,1.5939999998081475,,,2,awaiting_next_stimulus_flip,measured,4.148969997186214,"[""key-00000022""]",space,1399213.7461525,1399213.9349716,space,1399213.7461525,0.5281524998135865,1,1,correct_go,1,0,0,0,0,0,0,0,0,0,46.390000000130385,,,,,,[],dynamic_sart:-23,1
3,eegle.dynamic_sart.trial.v4,dynamic_sart,1.3,run-20260820T161425,tested,-24,-1,24,practice_1,practice,,standard,1,237942804d5e24dc51a11ff9281243bab0f3fb0afd493a5da2f3cce232c141d1,6814534644143003232,11553147695168021572,5,go,0,press,dynamic_sart_stimulus_onset__v=1__trial=-24__condition=go__digit=5__block=-1__phase=practice__practice=1,0.25,1.35,1.6,0.0,1.6,0,,,,0,,,,1399215.203,1399215.390532,1399215.453,1399215.6513602,1399216.803,1399216.990532,1399216.812,1399217.0094539,0.008999999845400453,1399216.803,,,,0.25,1.6089999999385327,,,2,awaiting_next_stimulus_flip,measured,4.148969997186214,"[""key-00000023""]",space,1399215.5841713,1399215.7729904002,space,1399215.5841713,0.38117130007594824,1,1,correct_go,1,0,0,0,0,0,0,0,0,0,48.375,,,,,,[],dynamic_sart:-24,1
3,eegle.dynamic_sart.trial.v4,dynamic_sart,1.3,run-20260820T161425,tested,-25,-1,25,practice_1,practice,,standard,1,237942804d5e24dc51a11ff9281243bab0f3fb0afd493a5da2f3cce232c141d1,6814534644143003232,11553147695168021572,2,go,0,press,dynamic_sart_stimulus_onset__v=1__trial=-25__condition=go__digit=2__block=-1__phase=practice__practice=1,0.25,1.35,1.6,0.0,1.6,0,,,,0,,,,1399217.218,1399217.4149587,1399217.468,1399217.6646392,1399218.8180000002,1399219.0149587002,1399218.812,1399219.0064011,0.0,1399218.8180000002,,,,0.25,1.5939999998081475,,,2,awaiting_next_stimulus_flip,measured,4.148969997186214,"[""key-00000024""]",space,1399217.531366,1399217.7201851,space,1399217.531366,0.3133659998420626,1,1,correct_go,1,0,0,0,0,0,0,0,0,0,50.390000000130385,,,,,,[],dynamic_sart:-25,1
3,eegle.dynamic_sart.trial.v4,dynamic_sart,1.3,run-20260820T161425,tested,-26,-1,26,practice_1,practice,,standard,1,237942804d5e24dc51a11ff9281243bab0f3fb0afd493a5da2f3cce232c141d1,6814534644143003232,11553147695168021572,4,go,0,press,dynamic_sart_stimulus_onset__v=1__trial=-26__condition=go__digit=4__block=-1__phase=practice__practice=1,0.25,1.35,1.6,0.0,1.6,0,,,,0,,,,1399219.203,1399219.3910869,1399219.453,1399219.6506043,1399220.803,1399220.9910869,1399220.812,1399221.0093858,0.008999999845400453,1399220.803,,,,0.25,1.6089999999385327,,,2,awaiting_next_stimulus_flip,measured,4.148969997186214,"[""key-00000025""]",space,1399219.4672647,1399219.6560838001,space,1399219.4672647,0.2642647000029683,1,1,correct_go,1,0,0,0,0,0,0,0,0,0,52.375,,,,,,[],dynamic_sart:-26,1
3,eegle.dynamic_sart.trial.v4,dynamic_sart,1.3,run-20260820T161425,tested,-27,-1,27,practice_1,practice,,standard,1,237942804d5e24dc51a11ff9281243bab0f3fb0afd493a5da2f3cce232c141d1,6814534644143003232,11553147695168021572,8,go,0,press,dynamic_sart_stimulus_onset__v=1__trial=-27__condition=go__digit=8__block=-1__phase=practice__practice=1,0.25,1.35,1.6,0.0,1.6,0,,,,0,,,,1399221.218,1399221.4149119,1399221.468,1399221.6651586,1399222.8180000002,1399223.0149119,1399222.812,1399223.009971,0.0,1399222.8180000002,,,,0.25,1.5939999998081475,,,2,awaiting_next_stimulus_flip,measured,4.148969997186214,"[""key-00000026""]",space,1399221.5375047,1399221.7263238002,space,1399221.5375047,0.319504699902609,1,1,correct_go,1,0,0,0,0,0,0,0,0,0,54.390000000130385,,,,,,[],dynamic_sart:-27,1
3,eegle.dynamic_sart.trial.v4,dynamic_sart,1.3,run-20260820T161425,tested,-28,-1,28,practice_1,practice,,standard,1,237942804d5e24dc51a11ff9281243bab0f3fb0afd493a5da2f3cce232c141d1,6814534644143003232,11553147695168021572,1,go,0,press,dynamic_sart_stimulus_onset__v=1__trial=-28__condition=go__digit=1__block=-1__phase=practice__practice=1,0.25,1.35,1.6,0.0,1.6,0,,,,0,,,,1399223.234,1399223.4199297,1399223.5,1399223.6860211,1399224.834,1399225.0199297,1399224.828,1399225.0231435,0.0,1399224.834,,,,0.2660000000614673,1.5940000000409782,,,2,awaiting_next_stimulus_flip,measured,4.148969997186214,"[""key-00000027""]",space,1399223.4673714,1399223.6561905001,space,1399223.4673714,0.2333714000415057,1,1,correct_go,1,0,0,0,0,0,0,0,0,0,56.40599999995902,,,,,,[],dynamic_sart:-28,1
3,eegle.dynamic_sart.trial.v4,dynamic_sart,1.3,run-20260820T161425,tested,-29,-1,29,practice_1,practice,,standard,1,237942804d5e24dc51a11ff9281243bab0f3fb0afd493a5da2f3cce232c141d1,6814534644143003232,11553147695168021572,0,go,0,press,dynamic_sart_stimulus_onset__v=1__trial=-29__condition=go__digit=0__block=-1__phase=practice__practice=1,0.25,1.35,1.6,0.0,1.6,0,,,,0,,,,1399225.218,1399225.410473,1399225.468,1399225.6656226,1399226.8180000002,1399227.0104730001,1399226.812,1399227.0088669,0.0,1399226.8180000002,,,,0.25,1.5939999998081475,,,2,awaiting_next_stimulus_flip,measured,4.148969997186214,"[""key-00000028""]",space,1399225.561252,1399225.7500711002,space,1399225.561252,0.3432519999332726,1,1,correct_go,1,0,0,0,0,0,0,0,0,0,58.390000000130385,,,,,,[],dynamic_sart:-29,1
3,eegle.dynamic_sart.trial.v4,dynamic_sart,1.3,run-20260820T161425,tested,-30,-1,30,practice_1,practice,,standard,1,237942804d5e24dc51a11ff9281243bab0f3fb0afd493a5da2f3cce232c141d1,6814534644143003232,11553147695168021572,7,go,0,press,dynamic_sart_stimulus_onset__v=1__trial=-30__condition=go__digit=7__block=-1__phase=practice__practice=1,0.25,1.35,1.6,0.0,1.6,0,,,,0,,,,1399227.218,1399227.4096409,1399227.468,1399227.6646693,1399228.8180000002,1399229.0096409002,1399228.812,1399229.0094825,0.0,1399228.8180000002,,,,0.25,1.5939999998081475,,,2,awaiting_next_stimulus_flip,measured,4.148969997186214,"[""key-00000029""]",space,1399227.5247407,1399227.7135598,space,1399227.5247407,0.306740699801594,1,1,correct_go,1,0,0,0,0,0,0,0,0,0,60.390000000130385,,,,,,[],dynamic_sart:-30,1
3,eegle.dynamic_sart.trial.v4,dynamic_sart,1.3,run-20260820T161425,tested,-31,-2,1,practice_2,practice,,standard,1,237942804d5e24dc51a11ff9281243bab0f3fb0afd493a5da2f3cce232c141d1,6814534644143003232,6194345534784673136,8,go,0,press,dynamic_sart_stimulus_onset__v=1__trial=-31__condition=go__digit=8__block=-2__phase=practice__practice=1,0.25,1.35,1.6,0.0,1.6,0,,,,0,,,,1399234.734,1399234.9263408,1399234.984,1399235.1729435,1399236.334,1399236.5263408,1399236.328,1399236.5244104,0.0,1399236.334,,,,0.25,1.5940000000409782,,,2,awaiting_next_stimulus_flip,measured,4.148969997186214,"[""key-00000031""]",space,1399235.1352644,1399235.3240835,space,1399235.1352644,0.40126439998857677,1,1,correct_go,1,0,0,0,0,0,0,0,0,0,67.90599999995902,,,,,,[],dynamic_sart:-31,1
3,eegle.dynamic_sart.trial.v4,dynamic_sart,1.3,run-20260820T161425,tested,-32,-2,2,practice_2,practice,,standard,1,237942804d5e24dc51a11ff9281243bab0f3fb0afd493a5da2f3cce232c141d1,6814534644143003232,6194345534784673136,7,go,0,press,dynamic_sart_stimulus_onset__v=1__trial=-32__condition=go__digit=7__block=-2__phase=practice__practice=1,0.25,1.35,1.6,0.0,1.6,0,,,,0,,,,1399236.734,1399236.9260816,1399236.984,1399237.1731088,1399238.334,1399238.5260816,1399238.328,1399238.5262689,0.0,1399238.334,,,,0.25,1.5940000000409782,,,2,awaiting_next_stimulus_flip,measured,4.148969997186214,"[""key-00000032""]",space,1399236.9954134,1399237.1842325001,space,1399236.9954134,0.26141340006142855,1,1,correct_go,1,0,0,0,0,0,0,0,0,0,69.90599999995902,,,,,,[],dynamic_sart:-32,1
3,eegle.dynamic_sart.trial.v4,dynamic_sart,1.3,run-20260820T161425,tested,-33,-2,3,practice_2,practice,,standard,1,237942804d5e24dc51a11ff9281243bab0f3fb0afd493a5da2f3cce232c141d1,6814534644143003232,6194345534784673136,4,go,0,press,dynamic_sart_stimulus_onset__v=1__trial=-33__condition=go__digit=4__block=-2__phase=practice__practice=1,0.25,1.35,1.6,0.0,1.6,0,,,,0,,,,1399238.718,1399238.9149291,1399238.968,1399239.16744,1399240.3180000002,1399240.5149291002,1399240.312,1399240.5066307,0.0,1399240.3180000002,,,,0.25,1.5939999998081475,,,2,awaiting_next_stimulus_flip,measured,4.148969997186214,"[""key-00000033""]",space,1399239.0140733,1399239.2028924,space,1399239.0140733,0.2960732998326421,1,1,correct_go,1,0,0,0,0,0,0,0,0,0,71.89000000013039,,,,,,[],dynamic_sart:-33,1
3,eegle.dynamic_sart.trial.v4,dynamic_sart,1.3,run-20260820T161425,tested,-34,-2,4,practice_2,practice,,standard,1,237942804d5e24dc51a11ff9281243bab0f3fb0afd493a5da2f3cce232c141d1,6814534644143003232,6194345534784673136,2,go,0,press,dynamic_sart_stimulus_onset__v=1__trial=-34__condition=go__digit=2__block=-2__phase=practice__practice=1,0.25,1.35,1.6,0.0,1.6,0,,,,0,,,,1399240.703,1399240.8981551,1399240.953,1399241.1479801,1399242.303,1399242.4981551,1399242.312,1399242.5064896,0.008999999845400453,1399242.303,,,,0.25,1.6089999999385327,,,2,awaiting_next_stimulus_flip,measured,4.148969997186214,"[""key-00000034""]",space,1399240.9963898,1399241.1852089001,space,1399240.9963898,0.2933898000046611,1,1,correct_go,1,0,0,0,0,0,0,0,0,0,73.875,,,,,,[],dynamic_sart:-34,1
3,eegle.dynamic_sart.trial.v4,dynamic_sart,1.3,run-20260820T161425,tested,-35,-2,5,practice_2,practice,,standard,1,237942804d5e24dc51a11ff9281243bab0f3fb0afd493a5da2f3cce232c141d1,6814534644143003232,6194345534784673136,5,go,0,press,dynamic_sart_stimulus_onset__v=1__trial=-35__condition=go__digit=5__block=-2__phase=practice__practice=1,0.25,1.35,1.6,0.0,1.6,0,,,,0,,,,1399242.703,1399242.8937367,1399242.953,1399243.1493313,1399244.303,1399244.4937367002,1399244.312,1399244.5070178,0.008999999845400453,1399244.303,,,,0.25,1.6089999999385327,,,2,awaiting_next_stimulus_flip,measured,4.148969997186214,"[""key-00000035""]",space,1399243.0012826,1399243.1901017001,space,1399243.0012826,0.29828260000795126,1,1,correct_go,1,0,0,0,0,0,0,0,0,0,75.875,,,,,,[],dynamic_sart:-35,1
3,eegle.dynamic_sart.trial.v4,dynamic_sart,1.3,run-20260820T161425,tested,-36,-2,6,practice_2,practice,,standard,1,237942804d5e24dc51a11ff9281243bab0f3fb0afd493a5da2f3cce232c141d1,6814534644143003232,6194345534784673136,6,go,0,press,dynamic_sart_stimulus_onset__v=1__trial=-36__condition=go__digit=6__block=-2__phase=practice__practice=1,0.25,1.35,1.6,0.0,1.6,0,,,,0,,,,1399244.703,1399244.8982075,1399244.953,1399245.1483093,1399246.303,1399246.4982075002,1399246.312,1399246.5067701,0.008999999845400453,1399246.303,,,,0.25,1.6089999999385327,,,2,awaiting_next_stimulus_flip,measured,4.148969997186214,"[""key-00000036""]",space,1399244.9938111,1399245.1826302002,space,1399244.9938111,0.2908111000433564,1,1,correct_go,1,0,0,0,0,0,0,0,0,0,77.875,,,,,,[],dynamic_sart:-36,1
3,eegle.dynamic_sart.trial.v4,dynamic_sart,1.3,run-20260820T161425,tested,-37,-2,7,practice_2,practice,,standard,1,237942804d5e24dc51a11ff9281243bab0f3fb0afd493a5da2f3cce232c141d1,6814534644143003232,6194345534784673136,1,go,0,press,dynamic_sart_stimulus_onset__v=1__trial=-37__condition=go__digit=1__block=-2__phase=practice__practice=1,0.25,1.35,1.6,0.0,1.6,0,,,,0,,,,1399246.703,1399246.8980784,1399246.953,1399247.1505621,1399248.303,1399248.4980784,1399248.312,1399248.5063068,0.008999999845400453,1399248.303,,,,0.25,1.6089999999385327,,,2,awaiting_next_stimulus_flip,measured,4.148969997186214,"[""key-00000037""]",space,1399247.0336848,1399247.2225039,space,1399247.0336848,0.33068479993380606,1,1,correct_go,1,0,0,0,0,0,0,0,0,0,79.875,,,,,,[],dynamic_sart:-37,1
3,eegle.dynamic_sart.trial.v4,dynamic_sart,1.3,run-20260820T161425,tested,-38,-2,8,practice_2,practice,,standard,1,237942804d5e24dc51a11ff9281243bab0f3fb0afd493a5da2f3cce232c141d1,6814534644143003232,6194345534784673136,9,go,0,press,dynamic_sart_stimulus_onset__v=1__trial=-38__condition=go__digit=9__block=-2__phase=practice__practice=1,0.25,1.35,1.6,0.0,1.6,0,,,,0,,,,1399248.703,1399248.8899997,1399248.953,1399249.1504554,1399250.303,1399250.4899997,1399250.312,1399250.506537,0.008999999845400453,1399250.303,,,,0.25,1.6089999999385327,,,2,awaiting_next_stimulus_flip,measured,4.148969997186214,"[""key-00000038""]",space,1399249.0612644,1399249.2500835,space,1399249.0612644,0.35826439992524683,1,1,correct_go,1,0,0,0,0,0,0,0,0,0,81.875,,,,,,[],dynamic_sart:-38,1
3,eegle.dynamic_sart.trial.v4,dynamic_sart,1.3,run-20260820T161425,tested,-39,-2,9,practice_2,practice,,standard,1,237942804d5e24dc51a11ff9281243bab0f3fb0afd493a5da2f3cce232c141d1,6814534644143003232,6194345534784673136,3,no_go,1,withhold,dynamic_sart_stimulus_onset__v=1__trial=-39__condition=no_go__digit=3__block=-2__phase=practice__practice=1,0.25,1.35,1.6,0.0,1.6,0,,,,0,,,,1399250.703,1399250.8983787,1399250.953,1399251.1507166,1399252.303,1399252.4983787,1399252.312,1399252.5065433,0.008999999845400453,1399252.303,,,,0.25,1.6089999999385327,,,2,awaiting_next_stimulus_flip,measured,4.148969997186214,"[""key-00000039""]",space,1399251.0087448,1399251.1975639001,space,1399251.0087448,0.30574480001814663,1,1,commission_error,0,1,0,0,0,0,0,0,0,0,83.875,,,,,,[],dynamic_sart:-39,1
3,eegle.dynamic_sart.trial.v4,dynamic_sart,1.3,run-20260820T161425,tested,-40,-2,10,practice_2,practice,,standard,1,237942804d5e24dc51a11ff9281243bab0f3fb0afd493a5da2f3cce232c141d1,6814534644143003232,6194345534784673136,0,go,0,press,dynamic_sart_stimulus_onset__v=1__trial=-40__condition=go__digit=0__block=-2__phase=practice__practice=1,0.25,1.35,1.6,0.0,1.6,0,,,,0,,,,1399252.734,1399252.9200343,1399252.984,1399253.1778142,1399254.334,1399254.5200343002,1399254.328,1399254.5280743,0.0,1399254.334,,,,0.25,1.5940000000409782,,,2,awaiting_next_stimulus_flip,measured,4.148969997186214,"[""key-00000040""]",space,1399253.0424919,1399253.2313110002,space,1399253.0424919,0.30849190009757876,1,1,correct_go,1,0,0,0,0,0,0,0,0,0,85.90599999995902,,,,,,[],dynamic_sart:-40,1
3,eegle.dynamic_sart.trial.v4,dynamic_sart,1.3,run-20260820T161425,tested,-41,-2,11,practice_2,practice,,standard,1,237942804d5e24dc51a11ff9281243bab0f3fb0afd493a5da2f3cce232c141d1,6814534644143003232,6194345534784673136,6,go,0,press,dynamic_sart_stimulus_onset__v=1__trial=-41__condition=go__digit=6__block=-2__phase=practice__practice=1,0.25,1.35,1.6,0.0,1.6,0,,,,0,,,,1399254.734,1399254.930322,1399254.984,1399255.178128,1399256.334,1399256.5303220002,1399256.328,1399256.5279648,0.0,1399256.334,,,,0.25,1.5940000000409782,,,2,awaiting_next_stimulus_flip,measured,4.148969997186214,"[""key-00000041""]",space,1399255.0347995,1399255.2236186,space,1399255.0347995,0.3007994999643415,1,1,correct_go,1,0,0,0,0,0,0,0,0,0,87.90599999995902,,,,,,[],dynamic_sart:-41,1
3,eegle.dynamic_sart.trial.v4,dynamic_sart,1.3,run-20260820T161425,tested,-42,-2,12,practice_2,practice,,standard,1,237942804d5e24dc51a11ff9281243bab0f3fb0afd493a5da2f3cce232c141d1,6814534644143003232,6194345534784673136,8,go,0,press,dynamic_sart_stimulus_onset__v=1__trial=-42__condition=go__digit=8__block=-2__phase=practice__practice=1,0.25,1.35,1.6,0.0,1.6,0,,,,0,,,,1399256.734,1399256.9320348,1399256.984,1399257.1737231,1399258.334,1399258.5320348002,1399258.328,1399258.5243277,0.0,1399258.334,,,,0.25,1.5940000000409782,,,2,awaiting_next_stimulus_flip,measured,4.148969997186214,"[""key-00000042""]",space,1399257.069202,1399257.2580211002,space,1399257.069202,0.3352020001038909,1,1,correct_go,1,0,0,0,0,0,0,0,0,0,89.90599999995902,,,,,,[],dynamic_sart:-42,1
3,eegle.dynamic_sart.trial.v4,dynamic_sart,1.3,run-20260820T161425,tested,-43,-2,13,practice_2,practice,,standard,1,237942804d5e24dc51a11ff9281243bab0f3fb0afd493a5da2f3cce232c141d1,6814534644143003232,6194345534784673136,1,go,0,press,dynamic_sart_stimulus_onset__v=1__trial=-43__condition=go__digit=1__block=-2__phase=practice__practice=1,0.25,1.35,1.6,0.0,1.6,0,,,,0,,,,1399258.718,1399258.907244,1399258.968,1399259.1658069,1399260.3180000002,1399260.507244,1399260.312,1399260.506972,0.0,1399260.3180000002,,,,0.25,1.5939999998081475,,,2,awaiting_next_stimulus_flip,measured,4.148969997186214,"[""key-00000043""]",space,1399259.0431346,1399259.2319537,space,1399259.0431346,0.32513459981419146,1,1,correct_go,1,0,0,0,0,0,0,0,0,0,91.89000000013039,,,,,,[],dynamic_sart:-43,1
3,eegle.dynamic_sart.trial.v4,dynamic_sart,1.3,run-20260820T161425,tested,-44,-2,14,practice_2,practice,,standard,1,237942804d5e24dc51a11ff9281243bab0f3fb0afd493a5da2f3cce232c141d1,6814534644143003232,6194345534784673136,4,go,0,press,dynamic_sart_stimulus_onset__v=1__trial=-44__condition=go__digit=4__block=-2__phase=practice__practice=1,0.25,1.35,1.6,0.0,1.6,0,,,,0,,,,1399260.703,1399260.8980466,1399260.953,1399261.1507318,1399262.303,1399262.4980466,1399262.312,1399262.5069127,0.008999999845400453,1399262.303,,,,0.25,1.6089999999385327,,,2,awaiting_next_stimulus_flip,measured,4.148969997186214,"[""key-00000044""]",space,1399260.9237725,1399261.1125916,space,1399260.9237725,0.22077249991707504,1,1,correct_go,1,0,0,0,0,0,0,0,0,0,93.875,,,,,,[],dynamic_sart:-44,1
3,eegle.dynamic_sart.trial.v4,dynamic_sart,1.3,run-20260820T161425,tested,-45,-2,15,practice_2,practice,,standard,1,237942804d5e24dc51a11ff9281243bab0f3fb0afd493a5da2f3cce232c141d1,6814534644143003232,6194345534784673136,7,go,0,press,dynamic_sart_stimulus_onset__v=1__trial=-45__condition=go__digit=7__block=-2__phase=practice__practice=1,0.25,1.35,1.6,0.0,1.6,0,,,,0,,,,1399262.703,1399262.8905251,1399262.953,1399263.150588,1399264.303,1399264.4905251001,1399264.312,1399264.5074094,0.008999999845400453,1399264.303,,,,0.25,1.6089999999385327,,,2,awaiting_next_stimulus_flip,measured,4.148969997186214,"[""key-00000045""]",space,1399263.0471481,1399263.2359672002,space,1399263.0471481,0.34414810012094676,1,1,correct_go,1,0,0,0,0,0,0,0,0,0,95.875,,,,,,[],dynamic_sart:-45,1
3,eegle.dynamic_sart.trial.v4,dynamic_sart,1.3,run-20260820T161425,tested,-46,-2,16,practice_2,practice,,standard,1,237942804d5e24dc51a11ff9281243bab0f3fb0afd493a5da2f3cce232c141d1,6814534644143003232,6194345534784673136,0,go,0,press,dynamic_sart_stimulus_onset__v=1__trial=-46__condition=go__digit=0__block=-2__phase=practice__practice=1,0.25,1.35,1.6,0.0,1.6,0,,,,0,,,,1399264.703,1399264.8984547,1399264.953,1399265.1482127,1399266.303,1399266.4984547,1399266.312,1399266.5067973,0.008999999845400453,1399266.303,,,,0.25,1.6089999999385327,,,2,awaiting_next_stimulus_flip,measured,4.148969997186214,"[""key-00000046""]",space,1399265.03494,1399265.2237591,space,1399265.03494,0.33193999994546175,1,1,correct_go,1,0,0,0,0,0,0,0,0,0,97.875,,,,,,[],dynamic_sart:-46,1
3,eegle.dynamic_sart.trial.v4,dynamic_sart,1.3,run-20260820T161425,tested,-47,-2,17,practice_2,practice,,standard,1,237942804d5e24dc51a11ff9281243bab0f3fb0afd493a5da2f3cce232c141d1,6814534644143003232,6194345534784673136,2,go,0,press,dynamic_sart_stimulus_onset__v=1__trial=-47__condition=go__digit=2__block=-2__phase=practice__practice=1,0.25,1.35,1.6,0.0,1.6,0,,,,0,,,,1399266.718,1399266.9070057,1399266.968,1399267.1648283,1399268.3180000002,1399268.5070057001,1399268.312,1399268.5069691,0.0,1399268.3180000002,,,,0.25,1.5939999998081475,,,2,awaiting_next_stimulus_flip,measured,4.148969997186214,"[""key-00000047""]",space,1399266.9848795,1399267.1736986001,space,1399266.9848795,0.2668794998899102,1,1,correct_go,1,0,0,0,0,0,0,0,0,0,99.89000000013039,,,,,,[],dynamic_sart:-47,1
3,eegle.dynamic_sart.trial.v4,dynamic_sart,1.3,run-20260820T161425,tested,-48,-2,18,practice_2,practice,,standard,1,237942804d5e24dc51a11ff9281243bab0f3fb0afd493a5da2f3cce232c141d1,6814534644143003232,6194345534784673136,9,go,0,press,dynamic_sart_stimulus_onset__v=1__trial=-48__condition=go__digit=9__block=-2__phase=practice__practice=1,0.25,1.35,1.6,0.0,1.6,0,,,,0,,,,1399268.703,1399268.8986018,1399268.953,1399269.1485761,1399270.303,1399270.4986018,1399270.312,1399270.5069021,0.008999999845400453,1399270.303,,,,0.25,1.6089999999385327,,,2,awaiting_next_stimulus_flip,measured,4.148969997186214,"[""key-00000048""]",space,1399269.1416269,1399269.3304460002,space,1399269.1416269,0.4386269000824541,1,1,correct_go,1,0,0,0,0,0,0,0,0,0,101.875,,,,,,[],dynamic_sart:-48,1
3,eegle.dynamic_sart.trial.v4,dynamic_sart,1.3,run-20260820T161425,tested,-49,-2,19,practice_2,practice,,standard,1,237942804d5e24dc51a11ff9281243bab0f3fb0afd493a5da2f3cce232c141d1,6814534644143003232,6194345534784673136,3,no_go,1,withhold,dynamic_sart_stimulus_onset__v=1__trial=-49__condition=no_go__digit=3__block=-2__phase=practice__practice=1,0.25,1.35,1.6,0.0,1.6,0,,,,0,,,,1399270.703,1399270.8948918,1399270.953,1399271.150038,1399272.303,1399272.4948918,1399272.312,1399272.5065355,0.008999999845400453,1399272.303,,,,0.25,1.6089999999385327,,,2,awaiting_next_stimulus_flip,measured,4.148969997186214,[],,,,,,,0,0,correct_no_go,1,0,0,0,0,0,0,0,0,0,103.875,,,,,,[],dynamic_sart:-49,1
3,eegle.dynamic_sart.trial.v4,dynamic_sart,1.3,run-20260820T161425,tested,-50,-2,20,practice_2,practice,,standard,1,237942804d5e24dc51a11ff9281243bab0f3fb0afd493a5da2f3cce232c141d1,6814534644143003232,6194345534784673136,5,go,0,press,dynamic_sart_stimulus_onset__v=1__trial=-50__condition=go__digit=5__block=-2__phase=practice__practice=1,0.25,1.35,1.6,0.0,1.6,0,,,,0,,,,1399272.703,1399272.8936032,1399272.953,1399273.1513978,1399274.303,1399274.4936032002,1399274.312,1399274.5063306,0.008999999845400453,1399274.303,,,,0.25,1.6089999999385327,,,2,awaiting_next_stimulus_flip,measured,4.148969997186214,"[""key-00000049""]",space,1399272.9295817,1399273.1184008,space,1399272.9295817,0.22658169991336763,1,1,correct_go,1,0,0,0,0,0,0,0,0,0,105.875,,,,,,[],dynamic_sart:-50,1
3,eegle.dynamic_sart.trial.v4,dynamic_sart,1.3,run-20260820T161425,tested,-51,-2,21,practice_2,practice,,standard,1,237942804d5e24dc51a11ff9281243bab0f3fb0afd493a5da2f3cce232c141d1,6814534644143003232,6194345534784673136,4,go,0,press,dynamic_sart_stimulus_onset__v=1__trial=-51__condition=go__digit=4__block=-2__phase=practice__practice=1,0.25,1.35,1.6,0.0,1.6,0,,,,0,,,,1399274.703,1399274.8980179,1399274.953,1399275.1504594,1399276.303,1399276.4980179002,1399276.312,1399276.5075334,0.008999999845400453,1399276.303,,,,0.25,1.6089999999385327,,,2,awaiting_next_stimulus_flip,measured,4.148969997186214,"[""key-00000050""]",space,1399274.9759205,1399275.1647396001,space,1399274.9759205,0.27292050002142787,1,1,correct_go,1,0,0,0,0,0,0,0,0,0,107.875,,,,,,[],dynamic_sart:-51,1
3,eegle.dynamic_sart.trial.v4,dynamic_sart,1.3,run-20260820T161425,tested,-52,-2,22,practice_2,practice,,standard,1,237942804d5e24dc51a11ff9281243bab0f3fb0afd493a5da2f3cce232c141d1,6814534644143003232,6194345534784673136,3,no_go,1,withhold,dynamic_sart_stimulus_onset__v=1__trial=-52__condition=no_go__digit=3__block=-2__phase=practice__practice=1,0.25,1.35,1.6,0.0,1.6,0,,,,0,,,,1399276.718,1399276.9069436,1399276.968,1399277.1668848,1399278.3180000002,1399278.5069436,1399278.312,1399278.5068388,0.0,1399278.3180000002,,,,0.25,1.5939999998081475,,,2,awaiting_next_stimulus_flip,measured,4.148969997186214,[],,,,,,,0,0,correct_no_go,1,0,0,0,0,0,0,0,0,0,109.89000000013039,,,,,,[],dynamic_sart:-52,1
3,eegle.dynamic_sart.trial.v4,dynamic_sart,1.3,run-20260820T161425,tested,-53,-2,23,practice_2,practice,,standard,1,237942804d5e24dc51a11ff9281243bab0f3fb0afd493a5da2f3cce232c141d1,6814534644143003232,6194345534784673136,0,go,0,press,dynamic_sart_stimulus_onset__v=1__trial=-53__condition=go__digit=0__block=-2__phase=practice__practice=1,0.25,1.35,1.6,0.0,1.6,0,,,,0,,,,1399278.703,1399278.8985396,1399278.953,1399279.1537152,1399280.303,1399280.4985396,1399280.312,1399280.508159,0.008999999845400453,1399280.303,,,,0.25,1.6089999999385327,,,2,awaiting_next_stimulus_flip,measured,4.148969997186214,"[""key-00000051""]",space,1399278.9602534,1399279.1490725002,space,1399278.9602534,0.25725340005010366,1,1,correct_go,1,0,0,0,0,0,0,0,0,0,111.875,,,,,,[],dynamic_sart:-53,1
3,eegle.dynamic_sart.trial.v4,dynamic_sart,1.3,run-20260820T161425,tested,-54,-2,24,practice_2,practice,,standard,1,237942804d5e24dc51a11ff9281243bab0f3fb0afd493a5da2f3cce232c141d1,6814534644143003232,6194345534784673136,3,no_go,1,withhold,dynamic_sart_stimulus_onset__v=1__trial=-54__condition=no_go__digit=3__block=-2__phase=practice__practice=1,0.25,1.35,1.6,0.0,1.6,0,,,,0,,,,1399280.718,1399280.9080556,1399280.968,1399281.1652571,1399282.3180000002,1399282.5080556,1399282.312,1399282.5064039,0.0,1399282.3180000002,,,,0.25,1.5939999998081475,,,2,awaiting_next_stimulus_flip,measured,4.148969997186214,[],,,,,,,0,0,correct_no_go,1,0,0,0,0,0,0,0,0,0,113.89000000013039,,,,,,[],dynamic_sart:-54,1
3,eegle.dynamic_sart.trial.v4,dynamic_sart,1.3,run-20260820T161425,tested,-55,-2,25,practice_2,practice,,standard,1,237942804d5e24dc51a11ff9281243bab0f3fb0afd493a5da2f3cce232c141d1,6814534644143003232,6194345534784673136,9,go,0,press,dynamic_sart_stimulus_onset__v=1__trial=-55__condition=go__digit=9__block=-2__phase=practice__practice=1,0.25,1.35,1.6,0.0,1.6,0,,,,0,,,,1399282.703,1399282.8929706,1399282.953,1399283.1481125,1399284.303,1399284.4929706,1399284.312,1399284.5065761,0.008999999845400453,1399284.303,,,,0.25,1.6089999999385327,,,2,awaiting_next_stimulus_flip,measured,4.148969997186214,"[""key-00000052""]",space,1399282.9600136,1399283.1488327002,space,1399282.9600136,0.2570136000867933,1,1,correct_go,1,0,0,0,0,0,0,0,0,0,115.875,,,,,,[],dynamic_sart:-55,1
3,eegle.dynamic_sart.trial.v4,dynamic_sart,1.3,run-20260820T161425,tested,-56,-2,26,practice_2,practice,,standard,1,237942804d5e24dc51a11ff9281243bab0f3fb0afd493a5da2f3cce232c141d1,6814534644143003232,6194345534784673136,7,go,0,press,dynamic_sart_stimulus_onset__v=1__trial=-56__condition=go__digit=7__block=-2__phase=practice__practice=1,0.25,1.35,1.6,0.0,1.6,0,,,,0,,,,1399284.703,1399284.89395,1399284.953,1399285.1484659,1399286.303,1399286.49395,1399286.312,1399286.5090772,0.008999999845400453,1399286.303,,,,0.25,1.6089999999385327,,,2,awaiting_next_stimulus_flip,measured,4.148969997186214,"[""key-00000053""]",space,1399284.9416657,1399285.1304848,space,1399284.9416657,0.23866569995880127,1,1,correct_go,1,0,0,0,0,0,0,0,0,0,117.875,,,,,,[],dynamic_sart:-56,1
3,eegle.dynamic_sart.trial.v4,dynamic_sart,1.3,run-20260820T161425,tested,-57,-2,27,practice_2,practice,,standard,1,237942804d5e24dc51a11ff9281243bab0f3fb0afd493a5da2f3cce232c141d1,6814534644143003232,6194345534784673136,6,go,0,press,dynamic_sart_stimulus_onset__v=1__trial=-57__condition=go__digit=6__block=-2__phase=practice__practice=1,0.25,1.35,1.6,0.0,1.6,0,,,,0,,,,1399286.718,1399286.9063787,1399286.968,1399287.1672418,1399288.3180000002,1399288.5063787,1399288.312,1399288.5066135,0.0,1399288.3180000002,,,,0.25,1.5939999998081475,,,2,awaiting_next_stimulus_flip,measured,4.148969997186214,"[""key-00000054""]",space,1399286.9552704,1399287.1440895002,space,1399286.9552704,0.23727039992809296,1,1,correct_go,1,0,0,0,0,0,0,0,0,0,119.89000000013039,,,,,,[],dynamic_sart:-57,1
3,eegle.dynamic_sart.trial.v4,dynamic_sart,1.3,run-20260820T161425,tested,-58,-2,28,practice_2,practice,,standard,1,237942804d5e24dc51a11ff9281243bab0f3fb0afd493a5da2f3cce232c141d1,6814534644143003232,6194345534784673136,2,go,0,press,dynamic_sart_stimulus_onset__v=1__trial=-58__condition=go__digit=2__block=-2__phase=practice__practice=1,0.25,1.35,1.6,0.0,1.6,0,,,,0,,,,1399288.703,1399288.8910461,1399288.953,1399289.1491256,1399290.303,1399290.4910461002,1399290.312,1399290.5066922,0.008999999845400453,1399290.303,,,,0.25,1.6089999999385327,,,2,awaiting_next_stimulus_flip,measured,4.148969997186214,"[""key-00000055""]",space,1399288.962016,1399289.1508351,space,1399288.962016,0.25901599996723235,1,1,correct_go,1,0,0,0,0,0,0,0,0,0,121.875,,,,,,[],dynamic_sart:-58,1
3,eegle.dynamic_sart.trial.v4,dynamic_sart,1.3,run-20260820T161425,tested,-59,-2,29,practice_2,practice,,standard,1,237942804d5e24dc51a11ff9281243bab0f3fb0afd493a5da2f3cce232c141d1,6814534644143003232,6194345534784673136,5,go,0,press,dynamic_sart_stimulus_onset__v=1__trial=-59__condition=go__digit=5__block=-2__phase=practice__practice=1,0.25,1.35,1.6,0.0,1.6,0,,,,0,,,,1399290.703,1399290.8978586,1399290.953,1399291.1480121,1399292.303,1399292.4978586,1399292.312,1399292.5063699,0.008999999845400453,1399292.303,,,,0.25,1.6089999999385327,,,2,awaiting_next_stimulus_flip,measured,4.148969997186214,"[""key-00000056""]",space,1399291.0107320999,1399291.1995512,space,1399291.0107320999,0.30773209990002215,1,1,correct_go,1,0,0,0,0,0,0,0,0,0,123.875,,,,,,[],dynamic_sart:-59,1
3,eegle.dynamic_sart.trial.v4,dynamic_sart,1.3,run-20260820T161425,tested,-60,-2,30,practice_2,practice,,standard,1,237942804d5e24dc51a11ff9281243bab0f3fb0afd493a5da2f3cce232c141d1,6814534644143003232,6194345534784673136,8,go,0,press,dynamic_sart_stimulus_onset__v=1__trial=-60__condition=go__digit=8__block=-2__phase=practice__practice=1,0.25,1.35,1.6,0.0,1.6,0,,,,0,,,,1399292.703,1399292.8979354,1399292.953,1399293.1508143,1399294.303,1399294.4979354,1399294.312,1399294.5063667,0.008999999845400453,1399294.303,,,,0.25,1.6089999999385327,,,2,awaiting_next_stimulus_flip,measured,4.148969997186214,"[""key-00000057""]",space,1399293.0015152,1399293.1903343,space,1399293.0015152,0.29851519991643727,1,1,correct_go,1,0,0,0,0,0,0,0,0,0,125.875,,,,,,[],dynamic_sart:-60,1
3,eegle.dynamic_sart.trial.v4,dynamic_sart,1.3,run-20260820T161425,tested,1,1,1,session1_main_smoke_1,support,session1_main,standard,0,237942804d5e24dc51a11ff9281243bab0f3fb0afd493a5da2f3cce232c141d1,6814534644143003232,17966865021605198299,1,go,0,press,dynamic_sart_stimulus_onset__v=1__trial=1__condition=go__digit=1__block=1__phase=support__segment=session1_main__practice=0,0.25,1.35,1.6,0.0,1.6,0,,,,0,,,0.0,1399300.921,1399301.107877,1399301.171,1399301.3672966,1399302.5210000002,1399302.707877,1399302.515,1399302.706837,0.0,1399302.5210000002,1399302.515,1399302.706879,1399302.515,0.25,1.5939999998081475,1.5939999998081475,1.5990019999444485,2,observed_next_stimulus_flip,measured,4.148969997186214,"[""key-00000059""]",space,1399301.1390398,1399301.3278589002,space,1399301.1390398,0.2180397999472916,1,1,correct_go,1,0,0,0,0,0,0,0,0,0,134.0930000001099,134.0930000001099,,,,,[],dynamic_sart:1,1
3,eegle.dynamic_sart.trial.v4,dynamic_sart,1.3,run-20260820T161425,tested,2,1,2,session1_main_smoke_1,support,session1_main,standard,0,237942804d5e24dc51a11ff9281243bab0f3fb0afd493a5da2f3cce232c141d1,6814534644143003232,17966865021605198299,5,go,0,press,dynamic_sart_stimulus_onset__v=1__trial=2__condition=go__digit=5__block=1__phase=support__segment=session1_main__practice=0,0.25,1.35,1.6,0.0,1.6,0,,,,0,,,1.6,1399302.515,1399302.706879,1399302.765,1399302.9561417,1399304.115,1399304.306879,1399304.109,1399304.3065129,0.0,1399304.115,1399304.109,1399304.3065581,1399304.109,0.25,1.5940000000409782,1.5940000000409782,1.599679100094363,2,observed_next_stimulus_flip,measured,4.148969997186214,"[""key-00000060""]",space,1399303.0270265,1399303.2158456002,space,1399303.0270265,0.5120265001896769,1,1,correct_go,1,0,0,0,0,0,0,0,0,0,135.68699999991804,135.68699999991804,1,,,,[],dynamic_sart:2,1
3,eegle.dynamic_sart.trial.v4,dynamic_sart,1.3,run-20260820T161425,tested,3,1,3,session1_main_smoke_1,support,session1_main,standard,0,237942804d5e24dc51a11ff9281243bab0f3fb0afd493a5da2f3cce232c141d1,6814534644143003232,17966865021605198299,9,go,0,press,dynamic_sart_stimulus_onset__v=1__trial=3__condition=go__digit=9__block=1__phase=support__segment=session1_main__practice=0,0.25,1.35,1.6,0.0,1.6,0,,,,0,,,3.2,1399304.109,1399304.3065581,1399304.359,1399304.5479527,1399305.709,1399305.9065581001,1399305.703,1399305.8979565,0.0,1399305.709,1399305.703,1399305.897996,1399305.703,0.25,1.5940000000409782,1.5940000000409782,1.5914378999732435,2,observed_next_stimulus_flip,measured,4.148969997186214,"[""key-00000061""]",space,1399304.3642092,1399304.5530283002,space,1399304.3642092,0.25520920008420944,1,1,correct_go,1,0,0,0,0,0,0,0,0,0,137.28099999995902,137.28099999995902,2,,,,[],dynamic_sart:3,1
3,eegle.dynamic_sart.trial.v4,dynamic_sart,1.3,run-20260820T161425,tested,4,1,4,session1_main_smoke_1,support,session1_main,standard,0,237942804d5e24dc51a11ff9281243bab0f3fb0afd493a5da2f3cce232c141d1,6814534644143003232,17966865021605198299,8,go,0,press,dynamic_sart_stimulus_onset__v=1__trial=4__condition=go__digit=8__block=1__phase=support__segment=session1_main__practice=0,0.25,1.35,1.6,0.0,1.6,0,,,,0,,,4.800000000000001,1399305.703,1399305.897996,1399305.953,1399306.1480845,1399307.303,1399307.497996,1399307.312,1399307.5063065,0.008999999845400453,1399307.303,1399307.312,1399307.5063533,1399307.312,0.25,1.6089999999385327,1.6089999999385327,1.6083573000505567,2,observed_next_stimulus_flip,measured,4.148969997186214,"[""key-00000062""]",space,1399305.9487282,1399306.1375473002,space,1399305.9487282,0.24572820006869733,1,1,correct_go,1,0,0,0,0,0,0,0,0,0,138.875,138.875,3,,,,[],dynamic_sart:4,1
3,eegle.dynamic_sart.trial.v4,dynamic_sart,1.3,run-20260820T161425,tested,5,1,5,session1_main_smoke_1,support,session1_main,standard,0,237942804d5e24dc51a11ff9281243bab0f3fb0afd493a5da2f3cce232c141d1,6814534644143003232,17966865021605198299,0,go,0,press,dynamic_sart_stimulus_onset__v=1__trial=5__condition=go__digit=0__block=1__phase=support__segment=session1_main__practice=0,0.25,1.35,1.6,0.0,1.6,0,,,,0,,,6.4,1399307.312,1399307.5063533,1399307.562,1399307.7571167,1399308.912,1399309.1063533002,1399308.906,1399309.098128,0.0,1399308.912,1399308.906,1399309.0981661,1399308.906,0.25,1.5940000000409782,1.5940000000409782,1.591812799917534,2,observed_next_stimulus_flip,measured,4.148969997186214,"[""key-00000063""]",space,1399307.5749473,1399307.7637664,space,1399307.5749473,0.2629472999833524,1,1,correct_go,1,0,0,0,0,0,0,0,0,0,140.48399999993853,140.48399999993853,4,,,,[],dynamic_sart:5,1
3,eegle.dynamic_sart.trial.v4,dynamic_sart,1.3,run-20260820T161425,tested,6,1,6,session1_main_smoke_1,support,session1_main,standard,0,237942804d5e24dc51a11ff9281243bab0f3fb0afd493a5da2f3cce232c141d1,6814534644143003232,17966865021605198299,3,no_go,1,withhold,dynamic_sart_stimulus_onset__v=1__trial=6__condition=no_go__digit=3__block=1__phase=support__segment=session1_main__practice=0,0.25,1.35,1.6,0.0,1.6,0,,,,0,,,8.0,1399308.906,1399309.0981661,1399309.156,1399309.3481615,1399310.506,1399310.6981661,1399310.5,1399310.6907132,0.0,1399310.506,1399310.5,1399310.6907554,1399310.5,0.25,1.5940000000409782,1.5940000000409782,1.5925893001258373,2,observed_next_stimulus_flip,measured,4.148969997186214,"[""key-00000064""]",space,1399309.1298249,1399309.3186440002,space,1399309.1298249,0.22382490010932088,1,1,commission_error,0,1,0,0,0,0,0,0,0,0,142.0779999999795,142.0779999999795,5,,,,[],dynamic_sart:6,1
3,eegle.dynamic_sart.trial.v4,dynamic_sart,1.3,run-20260820T161425,tested,7,1,7,session1_main_smoke_1,support,session1_main,standard,0,237942804d5e24dc51a11ff9281243bab0f3fb0afd493a5da2f3cce232c141d1,6814534644143003232,17966865021605198299,7,go,0,press,dynamic_sart_stimulus_onset__v=1__trial=7__condition=go__digit=7__block=1__phase=support__segment=session1_main__practice=0,0.25,1.35,1.6,0.0,1.6,0,,,,0,,,9.6,1399310.5,1399310.6907554,1399310.75,1399310.9485023,1399312.1,1399312.2907554002,1399312.109,1399312.2984628,0.008999999845400453,1399312.1,1399312.109,1399312.2985057,1399312.109,0.25,1.6089999999385327,1.6089999999385327,1.6077502998523414,2,observed_next_stimulus_flip,measured,4.148969997186214,"[""key-00000065""]",space,1399310.730522,1399310.9193411001,space,1399310.730522,0.23052199999801815,1,1,correct_go,1,0,0,0,0,0,0,0,0,0,143.6720000000205,143.6720000000205,6,1,,,[],dynamic_sart:7,1
3,eegle.dynamic_sart.trial.v4,dynamic_sart,1.3,run-20260820T161425,tested,8,1,8,session1_main_smoke_1,support,session1_main,standard,0,237942804d5e24dc51a11ff9281243bab0f3fb0afd493a5da2f3cce232c141d1,6814534644143003232,17966865021605198299,2,go,0,press,dynamic_sart_stimulus_onset__v=1__trial=8__condition=go__digit=2__block=1__phase=support__segment=session1_main__practice=0,0.25,1.35,1.6,0.0,1.6,0,,,,0,,,11.2,1399312.109,1399312.2985057,1399312.359,1399312.548227,1399313.709,1399313.8985057,1399313.703,1399313.8984129,0.0,1399313.709,1399313.703,1399313.8984561,1399313.703,0.25,1.5940000000409782,1.5940000000409782,1.599950399948284,2,observed_next_stimulus_flip,measured,4.148969997186214,"[""key-00000066""]",space,1399312.3303884,1399312.5192075002,space,1399312.3303884,0.22138840006664395,1,1,correct_go,1,0,0,0,0,0,0,0,0,0,145.28099999995902,145.28099999995902,7,2,,,[],dynamic_sart:8,1
3,eegle.dynamic_sart.trial.v4,dynamic_sart,1.3,run-20260820T161425,tested,9,1,9,session1_main_smoke_1,support,session1_main,standard,0,237942804d5e24dc51a11ff9281243bab0f3fb0afd493a5da2f3cce232c141d1,6814534644143003232,17966865021605198299,6,go,0,press,dynamic_sart_stimulus_onset__v=1__trial=9__condition=go__digit=6__block=1__phase=support__segment=session1_main__practice=0,0.25,1.35,1.6,0.0,1.6,0,,,,0,,,12.799999999999999,1399313.703,1399313.8984561,1399313.953,1399314.1483502,1399315.303,1399315.4984561,1399315.312,1399315.5071215,0.008999999845400453,1399315.303,1399315.312,1399315.5071608,1399315.312,0.25,1.6089999999385327,1.6089999999385327,1.6087047001346946,2,observed_next_stimulus_flip,measured,4.148969997186214,"[""key-00000067""]",space,1399314.0221251,1399314.2109442002,space,1399314.0221251,0.3191251000389457,1,1,correct_go,1,0,0,0,0,0,0,0,0,0,146.875,146.875,8,3,,,[],dynamic_sart:9,1
3,eegle.dynamic_sart.trial.v4,dynamic_sart,1.3,run-20260820T161425,tested,10,1,10,session1_main_smoke_1,support,session1_main,standard,0,237942804d5e24dc51a11ff9281243bab0f3fb0afd493a5da2f3cce232c141d1,6814534644143003232,17966865021605198299,4,go,0,press,dynamic_sart_stimulus_onset__v=1__trial=10__condition=go__digit=4__block=1__phase=support__segment=session1_main__practice=0,0.25,1.35,1.6,0.0,1.6,0,,,,0,,,14.399999999999999,1399315.312,1399315.5071608,1399315.562,1399315.7637054,1399316.912,1399317.1071608001,1399316.906,1399317.0983043,0.0,1399316.912,,,,0.25,1.5940000000409782,,,2,awaiting_next_stimulus_flip,measured,4.148969997186214,"[""key-00000068""]",space,1399315.5682897,1399315.7571088,space,1399315.5682897,0.2562897000461817,1,1,correct_go,1,0,0,0,0,0,0,0,0,0,148.48399999993853,148.48399999993853,9,4,,,[],dynamic_sart:10,1
3,eegle.dynamic_sart.trial.v4,dynamic_sart,1.3,run-20260820T161425,tested,11,2,1,session1_main_smoke_2,query,session1_main,standard,0,237942804d5e24dc51a11ff9281243bab0f3fb0afd493a5da2f3cce232c141d1,6814534644143003232,4619248164803545035,4,go,0,press,dynamic_sart_stimulus_onset__v=1__trial=11__condition=go__digit=4__block=2__phase=query__segment=session1_main__practice=0,0.25,1.35,1.6,0.0,1.6,0,,,,0,,,15.999999999999998,1399317.015,1399317.2101237,1399317.265,1399317.4571814,1399318.615,1399318.8101237002,1399318.609,1399318.809081,0.0,1399318.615,1399318.609,1399318.8091229,1399318.609,0.25,1.5940000000409782,1.5940000000409782,1.598999199923128,2,observed_next_stimulus_flip,measured,4.148969997186214,"[""key-00000069""]",space,1399317.3376402,1399317.5264593002,space,1399317.3376402,0.3226402001455426,1,1,correct_go,1,0,0,0,0,0,0,0,0,0,150.18699999991804,150.18699999991804,10,5,,,[],dynamic_sart:11,1
3,eegle.dynamic_sart.trial.v4,dynamic_sart,1.3,run-20260820T161425,tested,12,2,2,session1_main_smoke_2,query,session1_main,standard,0,237942804d5e24dc51a11ff9281243bab0f3fb0afd493a5da2f3cce232c141d1,6814534644143003232,4619248164803545035,2,go,0,press,dynamic_sart_stimulus_onset__v=1__trial=12__condition=go__digit=2__block=2__phase=query__segment=session1_main__practice=0,0.25,1.35,1.6,0.0,1.6,0,,,,0,,,17.599999999999998,1399318.609,1399318.8091229,1399318.859,1399319.0506921,1399320.209,1399320.4091229,1399320.203,1399320.3991975,0.0,1399320.209,1399320.203,1399320.3992379,1399320.203,0.25,1.5940000000409782,1.5940000000409782,1.5901150000281632,2,observed_next_stimulus_flip,measured,4.148969997186214,"[""key-00000070""]",space,1399318.8374754,1399319.0262945,space,1399318.8374754,0.22847540001384914,1,1,correct_go,1,0,0,0,0,0,0,0,0,0,151.78099999995902,151.78099999995902,11,6,,,[],dynamic_sart:12,1
3,eegle.dynamic_sart.trial.v4,dynamic_sart,1.3,run-20260820T161425,tested,13,2,3,session1_main_smoke_2,query,session1_main,standard,0,237942804d5e24dc51a11ff9281243bab0f3fb0afd493a5da2f3cce232c141d1,6814534644143003232,4619248164803545035,1,go,0,press,dynamic_sart_stimulus_onset__v=1__trial=13__condition=go__digit=1__block=2__phase=query__segment=session1_main__practice=0,0.25,1.35,1.6,0.0,1.6,0,,,,0,,,19.2,1399320.203,1399320.3992379,1399320.453,1399320.6506206,1399321.803,1399321.9992379001,1399321.812,1399322.0086392,0.008999999845400453,1399321.803,1399321.812,1399322.0086817,1399321.812,0.25,1.6089999999385327,1.6089999999385327,1.6094438000582159,2,observed_next_stimulus_flip,measured,4.148969997186214,"[""key-00000071""]",space,1399320.4422883,1399320.6311074002,space,1399320.4422883,0.23928830004297197,1,1,correct_go,1,0,0,0,0,0,0,0,0,0,153.375,153.375,12,7,,,[],dynamic_sart:13,1
3,eegle.dynamic_sart.trial.v4,dynamic_sart,1.3,run-20260820T161425,tested,14,2,4,session1_main_smoke_2,query,session1_main,standard,0,237942804d5e24dc51a11ff9281243bab0f3fb0afd493a5da2f3cce232c141d1,6814534644143003232,4619248164803545035,5,go,0,press,dynamic_sart_stimulus_onset__v=1__trial=14__condition=go__digit=5__block=2__phase=query__segment=session1_main__practice=0,0.25,1.35,1.6,0.0,1.6,0,,,,0,,,20.8,1399321.812,1399322.0086817,1399322.062,1399322.2565609,1399323.412,1399323.6086817002,1399323.406,1399323.5984968,0.0,1399323.412,1399323.406,1399323.5985403,1399323.406,0.25,1.5940000000409782,1.5940000000409782,1.5898585999384522,2,observed_next_stimulus_flip,measured,4.148969997186214,"[""key-00000072"",""key-00000073""]",space,1399322.148206,1399322.3370251001,space,1399322.148206,0.336206000065431,2,2,correct_go,1,0,0,0,0,1,0,0,0,0,154.98399999993853,154.98399999993853,13,8,,,[],dynamic_sart:14,1
3,eegle.dynamic_sart.trial.v4,dynamic_sart,1.3,run-20260820T161425,tested,15,2,5,session1_main_smoke_2,query,session1_main,standard,0,237942804d5e24dc51a11ff9281243bab0f3fb0afd493a5da2f3cce232c141d1,6814534644143003232,4619248164803545035,3,no_go,1,withhold,dynamic_sart_stimulus_onset__v=1__trial=15__condition=no_go__digit=3__block=2__phase=query__segment=session1_main__practice=0,0.25,1.35,1.6,0.0,1.6,0,,,,0,,,22.400000000000002,1399323.406,1399323.5985403,1399323.656,1399323.8482576,1399325.006,1399325.1985403001,1399325.0,1399325.1897156,0.0,1399325.006,1399325.0,1399325.1897549,1399325.0,0.25,1.5940000000409782,1.5940000000409782,1.591214600019157,2,observed_next_stimulus_flip,measured,4.148969997186214,[],,,,,,,0,0,correct_no_go,1,0,0,0,0,0,0,0,0,0,156.5779999999795,156.5779999999795,14,9,,,[],dynamic_sart:15,1
3,eegle.dynamic_sart.trial.v4,dynamic_sart,1.3,run-20260820T161425,tested,16,2,6,session1_main_smoke_2,query,session1_main,standard,0,237942804d5e24dc51a11ff9281243bab0f3fb0afd493a5da2f3cce232c141d1,6814534644143003232,4619248164803545035,9,go,0,press,dynamic_sart_stimulus_onset__v=1__trial=16__condition=go__digit=9__block=2__phase=query__segment=session1_main__practice=0,0.25,1.35,1.6,0.0,1.6,0,,,,0,,,24.000000000000004,1399325.0,1399325.1897549,1399325.25,1399325.4415061,1399326.6,1399326.7897549002,1399326.609,1399326.7991147,0.008999999845400453,1399326.6,1399326.609,1399326.7991544,1399326.609,0.25,1.6089999999385327,1.6089999999385327,1.6093994998373091,2,observed_next_stimulus_flip,measured,4.148969997186214,"[""key-00000074""]",space,1399325.2277365,1399325.4165556002,space,1399325.2277365,0.22773650009185076,1,1,correct_go,1,0,0,0,0,0,0,0,0,0,158.1720000000205,158.1720000000205,15,1,,,[],dynamic_sart:16,1
3,eegle.dynamic_sart.trial.v4,dynamic_sart,1.3,run-20260820T161425,tested,17,2,7,session1_main_smoke_2,query,session1_main,standard,0,237942804d5e24dc51a11ff9281243bab0f3fb0afd493a5da2f3cce232c141d1,6814534644143003232,4619248164803545035,0,go,0,press,dynamic_sart_stimulus_onset__v=1__trial=17__condition=go__digit=0__block=2__phase=query__segment=session1_main__practice=0,0.25,1.35,1.6,0.0,1.6,0,,,,0,,,25.600000000000005,1399326.609,1399326.7991544,1399326.859,1399327.0562826,1399328.209,1399328.3991544,1399328.203,1399328.3990448,0.0,1399328.209,1399328.203,1399328.3990881,1399328.203,0.25,1.5940000000409782,1.5940000000409782,1.599933700170368,2,observed_next_stimulus_flip,measured,4.148969997186214,"[""key-00000075""]",space,1399326.8601616,1399327.0489807,space,1399326.8601616,0.25116159999743104,1,1,correct_go,1,0,0,0,0,0,0,0,0,0,159.78099999995902,159.78099999995902,16,2,,,[],dynamic_sart:17,1
3,eegle.dynamic_sart.trial.v4,dynamic_sart,1.3,run-20260820T161425,tested,18,2,8,session1_main_smoke_2,query,session1_main,standard,0,237942804d5e24dc51a11ff9281243bab0f3fb0afd493a5da2f3cce232c141d1,6814534644143003232,4619248164803545035,6,go,0,press,dynamic_sart_stimulus_onset__v=1__trial=18__condition=go__digit=6__block=2__phase=query__segment=session1_main__practice=0,0.25,1.35,1.6,0.0,1.6,0,,,,0,,,27.200000000000006,1399328.203,1399328.3990881,1399328.453,1399328.6504756,1399329.803,1399329.9990881002,1399329.812,1399330.0105255,0.008999999845400453,1399329.803,1399329.812,1399330.010567,1399329.812,0.25,1.6089999999385327,1.6089999999385327,1.6114788998384029,2,observed_next_stimulus_flip,measured,4.148969997186214,"[""key-00000076""]",space,1399328.4654838,1399328.6543029002,space,1399328.4654838,0.2624838000629097,1,1,correct_go,1,0,0,0,0,0,0,0,0,0,161.375,161.375,17,3,,,[],dynamic_sart:18,1
3,eegle.dynamic_sart.trial.v4,dynamic_sart,1.3,run-20260820T161425,tested,19,2,9,session1_main_smoke_2,query,session1_main,standard,0,237942804d5e24dc51a11ff9281243bab0f3fb0afd493a5da2f3cce232c141d1,6814534644143003232,4619248164803545035,8,go,0,press,dynamic_sart_stimulus_onset__v=1__trial=19__condition=go__digit=8__block=2__phase=query__segment=session1_main__practice=0,0.25,1.35,1.6,0.0,1.6,0,,,,0,,,28.800000000000008,1399329.812,1399330.010567,1399330.062,1399330.2614565,1399331.412,1399331.610567,1399331.406,1399331.5978106,0.0,1399331.412,1399331.406,1399331.5978503,1399331.406,0.25,1.5940000000409782,1.5940000000409782,1.5872833000030369,2,observed_next_stimulus_flip,measured,4.148969997186214,"[""key-00000077""]",space,1399330.1060325,1399330.2948516002,space,1399330.1060325,0.2940325001254678,1,1,correct_go,1,0,0,0,0,0,0,0,0,0,162.98399999993853,162.98399999993853,18,4,,,[],dynamic_sart:19,1
3,eegle.dynamic_sart.trial.v4,dynamic_sart,1.3,run-20260820T161425,tested,20,2,10,session1_main_smoke_2,query,session1_main,standard,0,237942804d5e24dc51a11ff9281243bab0f3fb0afd493a5da2f3cce232c141d1,6814534644143003232,4619248164803545035,7,go,0,press,dynamic_sart_stimulus_onset__v=1__trial=20__condition=go__digit=7__block=2__phase=query__segment=session1_main__practice=0,0.25,1.35,1.6,0.0,1.6,0,,,,1,0.0,0.0,30.40000000000001,1399331.406,1399331.5978503,1399331.656,1399331.8509968,1399333.006,1399333.1978503,1399333.0,1399333.1897442,0.0,1399333.006,,,,0.25,1.5940000000409782,,,2,awaiting_next_stimulus_flip,measured,4.148969997186214,"[""key-00000078""]",space,1399331.6372041,1399331.8260232,space,1399331.6372041,0.2312040999531746,1,1,correct_go,1,0,0,0,0,0,0,0,0,0,164.5779999999795,164.5779999999795,19,5,,,[],dynamic_sart:20,1
3,eegle.dynamic_sart.trial.v4,dynamic_sart,1.3,run-20260820T161425,tested,21,3,1,session1_main_smoke_3,query,session1_main,standard,0,237942804d5e24dc51a11ff9281243bab0f3fb0afd493a5da2f3cce232c141d1,6814534644143003232,197335013578023357,9,go,0,press,dynamic_sart_stimulus_onset__v=1__trial=21__condition=go__digit=9__block=3__phase=query__segment=session1_main__practice=0,0.25,1.35,1.6,0.0,1.6,0,,,,0,,,32.00000000000001,1399333.093,1399333.2935324,1399333.343,1399333.5396219,1399334.6930000002,1399334.8935324,1399334.687,1399334.8824016,0.0,1399334.6930000002,1399334.687,1399334.8824453,1399334.687,0.25,1.5939999998081475,1.5939999998081475,1.5889129000715911,2,observed_next_stimulus_flip,measured,4.148969997186214,"[""key-00000079""]",space,1399333.8574038,1399334.0462229,space,1399333.8574038,0.7644037997815758,1,1,correct_go,1,0,0,0,0,0,0,0,0,0,166.26500000013039,0.01500000013038516,20,6,,,[],dynamic_sart:21,1
3,eegle.dynamic_sart.trial.v4,dynamic_sart,1.3,run-20260820T161425,tested,22,3,2,session1_main_smoke_3,query,session1_main,standard,0,237942804d5e24dc51a11ff9281243bab0f3fb0afd493a5da2f3cce232c141d1,6814534644143003232,197335013578023357,4,go,0,press,dynamic_sart_stimulus_onset__v=1__trial=22__condition=go__digit=4__block=3__phase=query__segment=session1_main__practice=0,0.25,1.35,1.6,0.0,1.6,0,,,,0,,,33.60000000000001,1399334.687,1399334.8824453,1399334.937,1399335.1344632,1399336.287,1399336.4824453,1399336.281,1399336.4730373,0.0,1399336.287,1399336.281,1399336.4730782,1399336.281,0.25,1.5940000000409782,1.5940000000409782,1.590632899897173,2,observed_next_stimulus_flip,measured,4.148969997186214,"[""key-00000080""]",space,1399334.9805638,1399335.1693829002,space,1399334.9805638,0.2935638001654297,1,1,correct_go,1,0,0,0,0,0,0,0,0,0,167.85899999993853,1.6089999999385327,21,7,,,[],dynamic_sart:22,1
3,eegle.dynamic_sart.trial.v4,dynamic_sart,1.3,run-20260820T161425,tested,23,3,3,session1_main_smoke_3,query,session1_main,standard,0,237942804d5e24dc51a11ff9281243bab0f3fb0afd493a5da2f3cce232c141d1,6814534644143003232,197335013578023357,1,go,0,press,dynamic_sart_stimulus_onset__v=1__trial=23__condition=go__digit=1__block=3__phase=query__segment=session1_main__practice=0,0.25,1.35,1.6,0.0,1.6,0,,,,0,,,35.20000000000001,1399336.281,1399336.4730782,1399336.531,1399336.7254802,1399337.881,1399338.0730782,1399337.875,1399338.0650321,0.0,1399337.881,1399337.875,1399338.0650808,1399337.875,0.25,1.5940000000409782,1.5940000000409782,1.5920026001986116,2,observed_next_stimulus_flip,measured,4.148969997186214,"[""key-00000081""]",space,1399336.5472343,1399336.7360534002,space,1399336.5472343,0.26623430009931326,1,1,correct_go,1,0,0,0,0,0,0,0,0,0,169.4529999999795,3.202999999979511,22,8,,,[],dynamic_sart:23,1
3,eegle.dynamic_sart.trial.v4,dynamic_sart,1.3,run-20260820T161425,tested,24,3,4,session1_main_smoke_3,query,session1_main,standard,0,237942804d5e24dc51a11ff9281243bab0f3fb0afd493a5da2f3cce232c141d1,6814534644143003232,197335013578023357,8,go,0,press,dynamic_sart_stimulus_onset__v=1__trial=24__condition=go__digit=8__block=3__phase=query__segment=session1_main__practice=0,0.25,1.35,1.6,0.0,1.6,0,,,,0,,,36.80000000000001,1399337.875,1399338.0650808,1399338.14,1399338.3259712,1399339.475,1399339.6650808002,1399339.484,1399339.6837047,0.008999999845400453,1399339.475,1399339.484,1399339.6837511,1399339.484,0.2649999998975545,1.6089999999385327,1.6089999999385327,1.6186702998820692,2,observed_next_stimulus_flip,measured,4.148969997186214,"[""key-00000082""]",space,1399338.1162247,1399338.3050438,space,1399338.1162247,0.24122469988651574,1,1,correct_go,1,0,0,0,0,0,0,0,0,0,171.0470000000205,4.797000000020489,23,9,,,[],dynamic_sart:24,1
3,eegle.dynamic_sart.trial.v4,dynamic_sart,1.3,run-20260820T161425,tested,25,3,5,session1_main_smoke_3,query,session1_main,standard,0,237942804d5e24dc51a11ff9281243bab0f3fb0afd493a5da2f3cce232c141d1,6814534644143003232,197335013578023357,2,go,0,press,dynamic_sart_stimulus_onset__v=1__trial=25__condition=go__digit=2__block=3__phase=query__segment=session1_main__practice=0,0.25,1.35,1.6,0.0,1.6,0,,,,0,,,38.40000000000001,1399339.484,1399339.6837511,1399339.734,1399339.9312366,1399341.084,1399341.2837511,1399341.078,1399341.2777053,0.0,1399341.084,1399341.078,1399341.2777512,1399341.078,0.25,1.5940000000409782,1.5940000000409782,1.5940000999253243,2,observed_next_stimulus_flip,measured,4.148969997186214,"[""key-00000083""]",space,1399339.8069535,1399339.9957726002,space,1399339.8069535,0.32295350008644164,1,1,correct_go,1,0,0,0,0,0,0,0,0,0,172.65599999995902,6.405999999959022,24,10,,,[],dynamic_sart:25,1
3,eegle.dynamic_sart.trial.v4,dynamic_sart,1.3,run-20260820T161425,tested,26,3,6,session1_main_smoke_3,query,session1_main,standard,0,237942804d5e24dc51a11ff9281243bab0f3fb0afd493a5da2f3cce232c141d1,6814534644143003232,197335013578023357,3,no_go,1,withhold,dynamic_sart_stimulus_onset__v=1__trial=26__condition=no_go__digit=3__block=3__phase=query__segment=session1_main__practice=0,0.25,1.35,1.6,0.0,1.6,0,,,,0,,,40.000000000000014,1399341.078,1399341.2777512,1399341.328,1399341.5281981,1399342.678,1399342.8777512,1399342.703,1399342.8885315,0.024999999906867743,1399342.678,1399342.703,1399342.8885758,1399342.703,0.25,1.625,1.625,1.6108246000949293,2,observed_next_stimulus_flip,measured,4.148969997186214,[],,,,,,,0,0,correct_no_go,1,0,0,0,0,0,0,0,0,0,174.25,8.0,25,11,,,[],dynamic_sart:26,1
3,eegle.dynamic_sart.trial.v4,dynamic_sart,1.3,run-20260820T161425,tested,27,3,7,session1_main_smoke_3,query,session1_main,standard,0,237942804d5e24dc51a11ff9281243bab0f3fb0afd493a5da2f3cce232c141d1,6814534644143003232,197335013578023357,7,go,0,press,dynamic_sart_stimulus_onset__v=1__trial=27__condition=go__digit=7__block=3__phase=query__segment=session1_main__practice=0,0.25,1.35,1.6,0.0,1.6,0,,,,0,,,41.600000000000016,1399342.703,1399342.8885758,1399342.953,1399343.1526704,1399344.303,1399344.4885758,1399344.312,1399344.5069473,0.008999999845400453,1399344.303,1399344.312,1399344.5069943,1399344.312,0.25,1.6089999999385327,1.6089999999385327,1.6184185000602156,2,observed_next_stimulus_flip,measured,4.148969997186214,"[""key-00000084""]",space,1399342.9376716,1399343.1264907,space,1399342.9376716,0.2346715999301523,1,1,correct_go,1,0,0,0,0,0,0,0,0,0,175.875,9.625,26,1,,,[],dynamic_sart:27,1
3,eegle.dynamic_sart.trial.v4,dynamic_sart,1.3,run-20260820T161425,tested,28,3,8,session1_main_smoke_3,query,session1_main,standard,0,237942804d5e24dc51a11ff9281243bab0f3fb0afd493a5da2f3cce232c141d1,6814534644143003232,197335013578023357,5,go,0,press,dynamic_sart_stimulus_onset__v=1__trial=28__condition=go__digit=5__block=3__phase=query__segment=session1_main__practice=0,0.25,1.35,1.6,0.0,1.6,0,,,,0,,,43.20000000000002,1399344.312,1399344.5069943,1399344.562,1399344.7607916,1399345.912,1399346.1069943001,1399345.906,1399346.099894,0.0,1399345.912,1399345.906,1399346.0999364,1399345.906,0.25,1.5940000000409782,1.5940000000409782,1.5929421000182629,2,observed_next_stimulus_flip,measured,4.148969997186214,"[""key-00000085""]",space,1399344.5230499,1399344.7118690002,space,1399344.5230499,0.21104990015737712,1,1,correct_go,1,0,0,0,0,0,0,0,0,0,177.48399999993853,11.233999999938533,27,2,,,[],dynamic_sart:28,1
3,eegle.dynamic_sart.trial.v4,dynamic_sart,1.3,run-20260820T161425,tested,29,3,9,session1_main_smoke_3,query,session1_main,standard,0,237942804d5e24dc51a11ff9281243bab0f3fb0afd493a5da2f3cce232c141d1,6814534644143003232,197335013578023357,6,go,0,press,dynamic_sart_stimulus_onset__v=1__trial=29__condition=go__digit=6__block=3__phase=query__segment=session1_main__practice=0,0.25,1.35,1.6,0.0,1.6,0,,,,0,,,44.80000000000002,1399345.906,1399346.0999364,1399346.156,1399346.3492614,1399347.506,1399347.6999364002,1399347.5,1399347.6960269,0.0,1399347.506,1399347.5,1399347.6960695,1399347.5,0.25,1.5940000000409782,1.5940000000409782,1.5961330998688936,2,observed_next_stimulus_flip,measured,4.148969997186214,"[""key-00000086""]",space,1399346.1430642,1399346.3318833,space,1399346.1430642,0.23706419998779893,1,1,correct_go,1,0,0,0,0,0,0,0,0,0,179.0779999999795,12.827999999979511,28,3,,,[],dynamic_sart:29,1
3,eegle.dynamic_sart.trial.v4,dynamic_sart,1.3,run-20260820T161425,tested,30,3,10,session1_main_smoke_3,query,session1_main,standard,0,237942804d5e24dc51a11ff9281243bab0f3fb0afd493a5da2f3cce232c141d1,6814534644143003232,197335013578023357,0,go,0,press,dynamic_sart_stimulus_onset__v=1__trial=30__condition=go__digit=0__block=3__phase=query__segment=session1_main__practice=0,0.25,1.35,1.6,0.0,1.6,0,,,,0,,,46.40000000000002,1399347.5,1399347.6960695,1399347.75,1399347.947848,1399349.1,1399349.2960695,1399349.109,1399349.2977344,0.008999999845400453,1399349.1,,,,0.25,1.6089999999385327,,,2,awaiting_next_stimulus_flip,measured,4.148969997186214,"[""key-00000087""]",space,1399347.7266429,1399347.915462,space,1399347.7266429,0.22664289991371334,1,1,correct_go,1,0,0,0,0,0,0,0,0,0,180.6720000000205,14.422000000020489,29,4,,,[],dynamic_sart:30,1
